อันดับ(น้อย→มาก),เลข3ตัว,ความถี่,เป็นOKset
1,041,58,
2,159,58,
3,190,58,
4,239,58,
5,258,58,
6,401,58,
7,414,58,OK
8,432,58,OK
9,441,58,OK
10,637,58,
11,723,58,
12,935,58,
13,014,59,
14,048,59,
15,073,59,
16,112,59,OK
17,131,59,OK
18,138,59,
19,157,59,
20,162,59,
21,169,59,
22,194,59,
23,216,59,
24,227,59,OK
25,250,59,
26,275,59,
27,300,59,OK
28,303,59,OK
29,311,59,OK
30,313,59,OK
31,342,59,
32,361,59,
33,378,59,
34,392,59,
35,402,59,
36,496,59,
37,522,59,OK
38,536,59,
39,550,59,OK
40,590,59,
41,608,59,
42,616,59,OK
43,635,59,
44,636,59,OK
45,639,59,
46,740,59,
47,760,59,
48,796,59,
49,814,59,
50,870,59,
51,885,59,OK
52,903,59,
53,919,59,OK
54,947,59,
55,052,60,
56,078,60,
57,079,60,
58,117,60,OK
59,151,60,OK
60,172,60,
61,176,60,
62,236,60,
63,240,60,
64,253,60,
65,304,60,
66,321,60,OK
67,354,60,
68,355,60,OK
69,375,60,
70,390,60,
71,471,60,
72,509,60,
73,517,60,
74,520,60,
75,538,60,
76,552,60,OK
77,644,60,OK
78,668,60,OK
79,693,60,
80,710,60,
81,721,60,
82,745,60,
83,801,60,
84,894,60,
85,938,60,
86,975,60,
87,977,60,OK
88,006,61,OK
89,016,61,
90,018,61,
91,068,61,
92,099,61,OK
93,110,61,OK
94,154,61,
95,155,61,OK
96,177,61,OK
97,196,61,
98,201,61,
99,204,61,
100,231,61,
101,270,61,
102,289,61,
103,294,61,
104,317,61,
105,350,61,
106,436,61,
107,525,61,OK
108,527,61,
109,593,61,
110,598,61,
111,617,61,
112,640,61,
113,695,61,
114,718,61,
115,724,61,
116,746,61,
117,767,61,OK
118,770,61,OK
119,799,61,OK
120,807,61,
121,820,61,
122,033,62,OK
123,056,62,
124,059,62,
125,063,62,
126,065,62,
127,072,62,
128,097,62,
129,100,62,OK
130,152,62,
131,202,62,OK
132,244,62,OK
133,292,62,OK
134,346,62,
135,389,62,
136,446,62,OK
137,449,62,OK
138,453,62,
139,486,62,
140,494,62,OK
141,503,62,
142,506,62,
143,514,62,
144,533,62,OK
145,534,62,
146,578,62,
147,648,62,
148,652,62,
149,665,62,OK
150,675,62,
151,732,62,
152,752,62,
153,769,62,
154,822,62,OK
155,834,62,
156,899,62,OK
157,917,62,
158,967,62,
159,035,63,
160,096,63,
161,153,63,
162,168,63,
163,188,63,OK
164,233,63,OK
165,237,63,
166,277,63,OK
167,302,63,
168,443,63,OK
169,455,63,OK
170,680,63,
171,687,63,
172,714,63,
173,719,63,
174,720,63,
175,756,63,
176,815,63,
177,933,63,OK
178,002,64,OK
179,005,64,OK
180,021,64,
181,026,64,
182,070,64,OK
183,113,64,OK
184,123,64,OK
185,134,64,
186,212,64,OK
187,214,64,
188,229,64,OK
189,234,64,OK
190,459,64,
191,501,64,
192,574,64,
193,603,64,
194,657,64,
195,688,64,OK
196,741,64,
197,773,64,OK
198,816,64,
199,875,64,
200,976,64,
201,186,65,
202,238,65,
203,248,65,
204,383,65,OK
205,417,65,
206,435,65,
207,465,65,
208,474,65,OK
209,540,65,
210,585,65,OK
211,679,65,
212,830,65,
213,906,65,
214,915,65,
215,930,65,
216,998,65,OK
217,054,66,
218,298,66,
219,395,66,
220,405,66,
221,426,66,
222,469,66,
223,562,66,
224,601,66,
225,623,66,
226,629,66,
227,647,66,
228,736,66,
229,817,66,
230,839,66,
231,927,66,
232,973,66,
233,029,67,
234,031,67,
235,090,67,OK
236,394,67,
237,444,67,OK
238,484,67,OK
239,518,67,
240,582,67,
241,691,67,
242,704,67,
243,743,67,
244,754,67,
245,868,67,OK
246,921,67,
247,961,67,
248,984,67,
249,990,67,OK
250,130,68,
251,178,68,
252,205,68,
253,246,68,
254,382,68,
255,907,68,
256,945,68,
257,080,69,OK
258,093,69,
259,397,69,
260,399,69,OK
261,407,69,
262,571,69,
263,619,69,
264,621,69,
265,751,69,
266,883,69,OK
267,978,69,
268,980,69,
269,012,70,OK
270,053,70,
271,061,70,
272,126,70,
273,339,70,OK
274,362,70,
275,487,70,
276,678,70,OK
277,880,70,OK
278,924,70,
279,028,71,
280,119,71,OK
281,466,71,OK
282,523,71,
283,683,71,
284,771,71,OK
285,007,72,OK
286,083,72,
287,368,72,
288,606,72,OK
289,046,73,
290,261,73,
291,744,73,OK
292,823,73,
293,979,74,OK
294,023,75,
295,896,75,
296,105,76,
297,966,77,OK
298,282,78,OK
299,832,81,
300,511,86,OK
