ประเภท,เลข,จำนวนเว็บที่พูดถึง
3ตัว,569,2
3ตัว,186,2
3ตัว,130,1
3ตัว,478,1
3ตัว,583,1
3ตัว,128,1
3ตัว,785,1
3ตัว,164,1
3ตัว,341,1
3ตัว,891,1
3ตัว,157,1
3ตัว,256,1
3ตัว,123,1
3ตัว,287,1
3ตัว,180,1
3ตัว,402,1
3ตัว,394,1
3ตัว,834,1
3ตัว,023,1
3ตัว,557,1
3ตัว,892,1
3ตัว,006,1
3ตัว,854,1
2ตัว,69,5
2ตัว,17,3
2ตัว,16,3
2ตัว,10,2
2ตัว,68,2
2ตัว,70,2
2ตัว,38,2
2ตัว,32,2
2ตัว,60,2
2ตัว,50,2
2ตัว,09,1
2ตัว,25,1
2ตัว,21,1
2ตัว,87,1
2ตัว,45,1
2ตัว,64,1
2ตัว,20,1
2ตัว,28,1
2ตัว,41,1
2ตัว,24,1
2ตัว,14,1
2ตัว,15,1
2ตัว,11,1
2ตัว,43,1
2ตัว,00,1
2ตัว,18,1
2ตัว,85,1
2ตัว,89,1
2ตัว,79,1
2ตัว,80,1
2ตัว,63,1
2ตัว,03,1
2ตัว,06,1
2ตัว,83,1
2ตัว,74,1
2ตัว,77,1
2ตัว,67,1
2ตัว,36,1
2ตัว,78,1
2ตัว,65,1
2ตัว,26,1
2ตัว,86,1
2ตัว,81,1
2ตัว,07,1
2ตัว,12,1
2ตัว,73,1
2ตัว,30,1
2ตัว,08,1
