งวด,ประเภท,เลข,จำนวนเว็บ,วันที่กวาด
2026-10-01,3ตัว,569,2,2026-09-17 22:32
2026-10-01,3ตัว,929,1,2026-09-17 22:32
2026-10-01,3ตัว,123,1,2026-09-17 22:32
2026-10-01,3ตัว,785,1,2026-09-17 22:32
2026-10-01,3ตัว,341,1,2026-09-17 22:32
2026-10-01,3ตัว,287,1,2026-09-17 22:32
2026-10-01,3ตัว,394,1,2026-09-17 22:32
2026-10-01,3ตัว,256,1,2026-09-17 22:32
2026-10-01,3ตัว,157,1,2026-09-17 22:32
2026-10-01,3ตัว,164,1,2026-09-17 22:32
2026-10-01,3ตัว,478,1,2026-09-17 22:32
2026-10-01,2ตัว,69,2,2026-09-17 22:32
2026-10-01,2ตัว,16,2,2026-09-17 22:32
2026-10-01,2ตัว,10,2,2026-09-17 22:32
2026-10-01,2ตัว,17,2,2026-09-17 22:32
2026-10-01,2ตัว,11,2,2026-09-17 22:32
2026-10-01,2ตัว,09,1,2026-09-17 22:32
2026-10-01,2ตัว,25,1,2026-09-17 22:32
2026-10-01,2ตัว,39,1,2026-09-17 22:32
2026-10-01,2ตัว,14,1,2026-09-17 22:32
2026-10-01,2ตัว,24,1,2026-09-17 22:32
2026-10-01,2ตัว,41,1,2026-09-17 22:32
2026-10-01,2ตัว,21,1,2026-09-17 22:32
2026-10-01,2ตัว,15,1,2026-09-17 22:32
2026-10-01,2ตัว,43,1,2026-09-17 22:32
2026-09-16,3ตัว,569,2,2026-09-17 22:35
2026-09-16,3ตัว,130,1,2026-09-17 22:35
2026-09-16,3ตัว,563,1,2026-09-17 22:35
2026-09-16,3ตัว,123,1,2026-09-17 22:35
2026-09-16,3ตัว,341,1,2026-09-17 22:35
2026-09-16,3ตัว,785,1,2026-09-17 22:35
2026-09-16,3ตัว,394,1,2026-09-17 22:35
2026-09-16,3ตัว,157,1,2026-09-17 22:35
2026-09-16,3ตัว,478,1,2026-09-17 22:35
2026-09-16,3ตัว,164,1,2026-09-17 22:35
2026-09-16,3ตัว,256,1,2026-09-17 22:35
2026-09-16,3ตัว,287,1,2026-09-17 22:35
2026-09-16,3ตัว,892,1,2026-09-17 22:35
2026-09-16,3ตัว,421,1,2026-09-17 22:35
2026-09-16,3ตัว,006,1,2026-09-17 22:35
2026-09-16,3ตัว,100,1,2026-09-17 22:35
2026-09-16,3ตัว,000,1,2026-09-17 22:35
2026-09-16,2ตัว,69,5,2026-09-17 22:35
2026-09-16,2ตัว,16,3,2026-09-17 22:35
2026-09-16,2ตัว,17,3,2026-09-17 22:35
2026-09-16,2ตัว,10,2,2026-09-17 22:35
2026-09-16,2ตัว,08,2,2026-09-17 22:35
2026-09-16,2ตัว,09,1,2026-09-17 22:35
2026-09-16,2ตัว,25,1,2026-09-17 22:35
2026-09-16,2ตัว,92,1,2026-09-17 22:35
2026-09-16,2ตัว,43,1,2026-09-17 22:35
2026-09-16,2ตัว,14,1,2026-09-17 22:35
2026-09-16,2ตัว,15,1,2026-09-17 22:35
2026-09-16,2ตัว,21,1,2026-09-17 22:35
2026-09-16,2ตัว,11,1,2026-09-17 22:35
2026-09-16,2ตัว,41,1,2026-09-17 22:35
2026-09-16,2ตัว,24,1,2026-09-17 22:35
2026-09-16,2ตัว,00,1,2026-09-17 22:35
2026-09-16,2ตัว,18,1,2026-09-17 22:35
2026-09-16,2ตัว,20,1,2026-09-17 22:35
2026-09-16,2ตัว,50,1,2026-09-17 22:35
2026-09-16,2ตัว,12,1,2026-09-17 22:35
2026-09-16,2ตัว,85,1,2026-09-17 22:35
2026-09-16,2ตัว,77,1,2026-09-17 22:35
2026-09-16,2ตัว,63,1,2026-09-17 22:35
2026-09-16,2ตัว,68,1,2026-09-17 22:35
2026-09-16,2ตัว,03,1,2026-09-17 22:35
2026-09-16,2ตัว,07,1,2026-09-17 22:35
2026-09-16,2ตัว,67,1,2026-09-17 22:35
2026-09-16,2ตัว,06,1,2026-09-17 22:35
2026-09-16,2ตัว,70,1,2026-09-17 22:35
2026-09-16,2ตัว,78,1,2026-09-17 22:35
2026-09-16,2ตัว,80,1,2026-09-17 22:35
2026-09-16,2ตัว,81,1,2026-09-17 22:35
2026-09-16,2ตัว,30,1,2026-09-17 22:35
2026-09-16,2ตัว,65,1,2026-09-17 22:35
2026-09-16,2ตัว,60,1,2026-09-17 22:35
2026-09-16,2ตัว,86,1,2026-09-17 22:35
2026-09-16,2ตัว,89,1,2026-09-17 22:35
2026-09-16,2ตัว,36,1,2026-09-17 22:35
2026-09-16,2ตัว,38,1,2026-09-17 22:35
2026-09-16,2ตัว,79,1,2026-09-17 22:35
2026-09-16,2ตัว,74,1,2026-09-17 22:35
2026-09-16,2ตัว,73,1,2026-09-17 22:35
2026-09-16,2ตัว,26,1,2026-09-17 22:35
2026-09-16,2ตัว,83,1,2026-09-17 22:35
2026-10-01,3ตัว,569,2,2026-09-17 22:41
2026-10-01,3ตัว,186,2,2026-09-17 22:41
2026-10-01,3ตัว,130,1,2026-09-17 22:41
2026-10-01,3ตัว,478,1,2026-09-17 22:41
2026-10-01,3ตัว,583,1,2026-09-17 22:41
2026-10-01,3ตัว,128,1,2026-09-17 22:41
2026-10-01,3ตัว,785,1,2026-09-17 22:41
2026-10-01,3ตัว,164,1,2026-09-17 22:41
2026-10-01,3ตัว,341,1,2026-09-17 22:41
2026-10-01,3ตัว,891,1,2026-09-17 22:41
2026-10-01,3ตัว,157,1,2026-09-17 22:41
2026-10-01,3ตัว,256,1,2026-09-17 22:41
2026-10-01,3ตัว,123,1,2026-09-17 22:41
2026-10-01,3ตัว,287,1,2026-09-17 22:41
2026-10-01,3ตัว,180,1,2026-09-17 22:41
2026-10-01,3ตัว,402,1,2026-09-17 22:41
2026-10-01,3ตัว,394,1,2026-09-17 22:41
2026-10-01,3ตัว,834,1,2026-09-17 22:41
2026-10-01,3ตัว,023,1,2026-09-17 22:41
2026-10-01,3ตัว,557,1,2026-09-17 22:41
2026-10-01,3ตัว,892,1,2026-09-17 22:41
2026-10-01,3ตัว,006,1,2026-09-17 22:41
2026-10-01,3ตัว,854,1,2026-09-17 22:41
2026-10-01,2ตัว,69,5,2026-09-17 22:41
2026-10-01,2ตัว,17,3,2026-09-17 22:41
2026-10-01,2ตัว,16,3,2026-09-17 22:41
2026-10-01,2ตัว,10,2,2026-09-17 22:41
2026-10-01,2ตัว,68,2,2026-09-17 22:41
2026-10-01,2ตัว,70,2,2026-09-17 22:41
2026-10-01,2ตัว,38,2,2026-09-17 22:41
2026-10-01,2ตัว,32,2,2026-09-17 22:41
2026-10-01,2ตัว,60,2,2026-09-17 22:41
2026-10-01,2ตัว,50,2,2026-09-17 22:41
2026-10-01,2ตัว,09,1,2026-09-17 22:41
2026-10-01,2ตัว,25,1,2026-09-17 22:41
2026-10-01,2ตัว,21,1,2026-09-17 22:41
2026-10-01,2ตัว,87,1,2026-09-17 22:41
2026-10-01,2ตัว,45,1,2026-09-17 22:41
2026-10-01,2ตัว,64,1,2026-09-17 22:41
2026-10-01,2ตัว,20,1,2026-09-17 22:41
2026-10-01,2ตัว,28,1,2026-09-17 22:41
2026-10-01,2ตัว,41,1,2026-09-17 22:41
2026-10-01,2ตัว,24,1,2026-09-17 22:41
2026-10-01,2ตัว,14,1,2026-09-17 22:41
2026-10-01,2ตัว,15,1,2026-09-17 22:41
2026-10-01,2ตัว,11,1,2026-09-17 22:41
2026-10-01,2ตัว,43,1,2026-09-17 22:41
2026-10-01,2ตัว,00,1,2026-09-17 22:41
2026-10-01,2ตัว,18,1,2026-09-17 22:41
2026-10-01,2ตัว,85,1,2026-09-17 22:41
2026-10-01,2ตัว,89,1,2026-09-17 22:41
2026-10-01,2ตัว,79,1,2026-09-17 22:41
2026-10-01,2ตัว,80,1,2026-09-17 22:41
2026-10-01,2ตัว,63,1,2026-09-17 22:41
2026-10-01,2ตัว,03,1,2026-09-17 22:41
2026-10-01,2ตัว,06,1,2026-09-17 22:41
2026-10-01,2ตัว,83,1,2026-09-17 22:41
2026-10-01,2ตัว,74,1,2026-09-17 22:41
2026-10-01,2ตัว,77,1,2026-09-17 22:41
2026-10-01,2ตัว,67,1,2026-09-17 22:41
2026-10-01,2ตัว,36,1,2026-09-17 22:41
2026-10-01,2ตัว,78,1,2026-09-17 22:41
2026-10-01,2ตัว,65,1,2026-09-17 22:41
2026-10-01,2ตัว,26,1,2026-09-17 22:41
2026-10-01,2ตัว,86,1,2026-09-17 22:41
2026-10-01,2ตัว,81,1,2026-09-17 22:41
2026-10-01,2ตัว,07,1,2026-09-17 22:41
2026-10-01,2ตัว,12,1,2026-09-17 22:41
2026-10-01,2ตัว,73,1,2026-09-17 22:41
2026-10-01,2ตัว,30,1,2026-09-17 22:41
2026-10-01,2ตัว,08,1,2026-09-17 22:41
2026-10-01,3ตัว,569,2,2026-09-18 14:11
2026-10-01,3ตัว,785,1,2026-09-18 14:11
2026-10-01,3ตัว,112,1,2026-09-18 14:11
2026-10-01,3ตัว,834,1,2026-09-18 14:11
2026-10-01,3ตัว,180,1,2026-09-18 14:11
2026-10-01,3ตัว,157,1,2026-09-18 14:11
2026-10-01,3ตัว,341,1,2026-09-18 14:11
2026-10-01,3ตัว,588,1,2026-09-18 14:11
2026-10-01,3ตัว,557,1,2026-09-18 14:11
2026-10-01,3ตัว,402,1,2026-09-18 14:11
2026-10-01,3ตัว,478,1,2026-09-18 14:11
2026-10-01,3ตัว,287,1,2026-09-18 14:11
2026-10-01,3ตัว,123,1,2026-09-18 14:11
2026-10-01,3ตัว,256,1,2026-09-18 14:11
2026-10-01,3ตัว,128,1,2026-09-18 14:11
2026-10-01,3ตัว,164,1,2026-09-18 14:11
2026-10-01,3ตัว,217,1,2026-09-18 14:11
2026-10-01,3ตัว,130,1,2026-09-18 14:11
2026-10-01,3ตัว,394,1,2026-09-18 14:11
2026-10-01,3ตัว,901,1,2026-09-18 14:11
2026-10-01,3ตัว,023,1,2026-09-18 14:11
2026-10-01,3ตัว,420,1,2026-09-18 14:11
2026-10-01,3ตัว,895,1,2026-09-18 14:11
2026-10-01,3ตัว,006,1,2026-09-18 14:11
2026-10-01,3ตัว,854,1,2026-09-18 14:11
2026-10-01,3ตัว,186,1,2026-09-18 14:11
2026-10-01,2ตัว,69,4,2026-09-18 14:11
2026-10-01,2ตัว,16,3,2026-09-18 14:11
2026-10-01,2ตัว,25,2,2026-09-18 14:11
2026-10-01,2ตัว,10,2,2026-09-18 14:11
2026-10-01,2ตัว,50,2,2026-09-18 14:11
2026-10-01,2ตัว,11,2,2026-09-18 14:11
2026-10-01,2ตัว,18,2,2026-09-18 14:11
2026-10-01,2ตัว,38,2,2026-09-18 14:11
2026-10-01,2ตัว,17,1,2026-09-18 14:11
2026-10-01,2ตัว,09,1,2026-09-18 14:11
2026-10-01,2ตัว,21,1,2026-09-18 14:11
2026-10-01,2ตัว,24,1,2026-09-18 14:11
2026-10-01,2ตัว,41,1,2026-09-18 14:11
2026-10-01,2ตัว,43,1,2026-09-18 14:11
2026-10-01,2ตัว,87,1,2026-09-18 14:11
2026-10-01,2ตัว,32,1,2026-09-18 14:11
2026-10-01,2ตัว,14,1,2026-09-18 14:11
2026-10-01,2ตัว,64,1,2026-09-18 14:11
2026-10-01,2ตัว,15,1,2026-09-18 14:11
2026-10-01,2ตัว,31,1,2026-09-18 14:11
2026-10-01,2ตัว,68,1,2026-09-18 14:11
2026-10-01,2ตัว,77,1,2026-09-18 14:11
2026-10-01,2ตัว,86,1,2026-09-18 14:11
2026-10-01,2ตัว,06,1,2026-09-18 14:11
2026-10-01,2ตัว,12,1,2026-09-18 14:11
2026-10-01,2ตัว,65,1,2026-09-18 14:11
2026-10-01,2ตัว,63,1,2026-09-18 14:11
2026-10-01,2ตัว,85,1,2026-09-18 14:11
2026-10-01,2ตัว,07,1,2026-09-18 14:11
2026-10-01,2ตัว,73,1,2026-09-18 14:11
2026-10-01,2ตัว,60,1,2026-09-18 14:11
2026-10-01,2ตัว,70,1,2026-09-18 14:11
2026-10-01,2ตัว,08,1,2026-09-18 14:11
2026-10-01,2ตัว,81,1,2026-09-18 14:11
2026-10-01,2ตัว,79,1,2026-09-18 14:11
2026-10-01,2ตัว,26,1,2026-09-18 14:11
2026-10-01,2ตัว,30,1,2026-09-18 14:11
2026-10-01,2ตัว,36,1,2026-09-18 14:11
2026-10-01,2ตัว,78,1,2026-09-18 14:11
2026-10-01,2ตัว,74,1,2026-09-18 14:11
2026-10-01,2ตัว,83,1,2026-09-18 14:11
2026-10-01,2ตัว,89,1,2026-09-18 14:11
2026-10-01,2ตัว,67,1,2026-09-18 14:11
2026-10-01,2ตัว,80,1,2026-09-18 14:11
2026-10-01,2ตัว,03,1,2026-09-18 14:11
2026-10-01,3ตัว,569,2,2026-09-21 07:44
2026-10-01,3ตัว,785,1,2026-09-21 07:44
2026-10-01,3ตัว,164,1,2026-09-21 07:44
2026-10-01,3ตัว,478,1,2026-09-21 07:44
2026-10-01,3ตัว,203,1,2026-09-21 07:44
2026-10-01,3ตัว,287,1,2026-09-21 07:44
2026-10-01,3ตัว,394,1,2026-09-21 07:44
2026-10-01,3ตัว,157,1,2026-09-21 07:44
2026-10-01,3ตัว,123,1,2026-09-21 07:44
2026-10-01,3ตัว,835,1,2026-09-21 07:44
2026-10-01,3ตัว,256,1,2026-09-21 07:44
2026-10-01,3ตัว,921,1,2026-09-21 07:44
2026-10-01,3ตัว,023,1,2026-09-21 07:44
2026-10-01,3ตัว,026,1,2026-09-21 07:44
2026-10-01,3ตัว,694,1,2026-09-21 07:44
2026-10-01,3ตัว,128,1,2026-09-21 07:44
2026-10-01,3ตัว,557,1,2026-09-21 07:44
2026-10-01,3ตัว,602,1,2026-09-21 07:44
2026-10-01,3ตัว,130,1,2026-09-21 07:44
2026-10-01,3ตัว,341,1,2026-09-21 07:44
2026-10-01,3ตัว,006,1,2026-09-21 07:44
2026-10-01,3ตัว,895,1,2026-09-21 07:44
2026-10-01,3ตัว,186,1,2026-09-21 07:44
2026-10-01,2ตัว,16,3,2026-09-21 07:44
2026-10-01,2ตัว,69,3,2026-09-21 07:44
2026-10-01,2ตัว,50,3,2026-09-21 07:44
2026-10-01,2ตัว,10,2,2026-09-21 07:44
2026-10-01,2ตัว,15,2,2026-09-21 07:44
2026-10-01,2ตัว,67,2,2026-09-21 07:44
2026-10-01,2ตัว,60,2,2026-09-21 07:44
2026-10-01,2ตัว,38,2,2026-09-21 07:44
2026-10-01,2ตัว,07,2,2026-09-21 07:44
2026-10-01,2ตัว,09,1,2026-09-21 07:44
2026-10-01,2ตัว,25,1,2026-09-21 07:44
2026-10-01,2ตัว,17,1,2026-09-21 07:44
2026-10-01,2ตัว,62,1,2026-09-21 07:44
2026-10-01,2ตัว,41,1,2026-09-21 07:44
2026-10-01,2ตัว,24,1,2026-09-21 07:44
2026-10-01,2ตัว,22,1,2026-09-21 07:44
2026-10-01,2ตัว,32,1,2026-09-21 07:44
2026-10-01,2ตัว,27,1,2026-09-21 07:44
2026-10-01,2ตัว,87,1,2026-09-21 07:44
2026-10-01,2ตัว,20,1,2026-09-21 07:44
2026-10-01,2ตัว,43,1,2026-09-21 07:44
2026-10-01,2ตัว,64,1,2026-09-21 07:44
2026-10-01,2ตัว,14,1,2026-09-21 07:44
2026-10-01,2ตัว,21,1,2026-09-21 07:44
2026-10-01,2ตัว,11,1,2026-09-21 07:44
2026-10-01,2ตัว,18,1,2026-09-21 07:44
2026-10-01,2ตัว,12,1,2026-09-21 07:44
2026-10-01,2ตัว,77,1,2026-09-21 07:44
2026-10-01,2ตัว,65,1,2026-09-21 07:44
2026-10-01,2ตัว,03,1,2026-09-21 07:44
2026-10-01,2ตัว,74,1,2026-09-21 07:44
2026-10-01,2ตัว,36,1,2026-09-21 07:44
2026-10-01,2ตัว,08,1,2026-09-21 07:44
2026-10-01,2ตัว,83,1,2026-09-21 07:44
2026-10-01,2ตัว,70,1,2026-09-21 07:44
2026-10-01,2ตัว,80,1,2026-09-21 07:44
2026-10-01,2ตัว,73,1,2026-09-21 07:44
2026-10-01,2ตัว,86,1,2026-09-21 07:44
2026-10-01,2ตัว,06,1,2026-09-21 07:44
2026-10-01,2ตัว,78,1,2026-09-21 07:44
2026-10-01,2ตัว,89,1,2026-09-21 07:44
2026-10-01,2ตัว,81,1,2026-09-21 07:44
2026-10-01,2ตัว,68,1,2026-09-21 07:44
2026-10-01,2ตัว,26,1,2026-09-21 07:44
2026-10-01,2ตัว,85,1,2026-09-21 07:44
2026-10-01,2ตัว,79,1,2026-09-21 07:44
2026-10-01,2ตัว,63,1,2026-09-21 07:44
2026-10-01,2ตัว,30,1,2026-09-21 07:44
