วันที่,รอบ,เวลา,3 ตัวบน,2 ตัวล่าง,สถานะ
2026-09-15,1,06:00 - 06:05,129,27,result
2026-09-15,2,06:05 - 06:10,728,91,result
2026-09-15,3,06:10 - 06:15,549,68,result
2026-09-15,4,06:15 - 06:20,032,66,result
2026-09-15,5,06:20 - 06:25,957,79,result
2026-09-15,6,06:25 - 06:30,822,62,result
2026-09-15,7,06:30 - 06:35,898,32,result
2026-09-15,8,06:35 - 06:40,554,25,result
2026-09-15,9,06:40 - 06:45,162,54,result
2026-09-15,10,06:45 - 06:50,068,69,result
2026-09-15,11,06:50 - 06:55,237,51,result
2026-09-15,12,06:55 - 07:00,526,87,result
2026-09-15,13,07:00 - 07:05,502,34,result
2026-09-15,14,07:05 - 07:10,632,86,result
2026-09-15,15,07:10 - 07:15,973,52,result
2026-09-15,16,07:15 - 07:20,523,00,result
2026-09-15,17,07:20 - 07:25,660,11,result
2026-09-15,18,07:25 - 07:30,850,60,result
2026-09-15,19,07:30 - 07:35,657,49,result
2026-09-15,20,07:35 - 07:40,690,65,result
2026-09-15,21,07:40 - 07:45,927,70,result
2026-09-15,22,07:45 - 07:50,755,09,result
2026-09-15,23,07:50 - 07:55,496,15,result
2026-09-15,24,07:55 - 08:00,486,46,result
2026-09-15,25,08:00 - 08:05,501,48,result
2026-09-15,26,08:05 - 08:10,058,00,result
2026-09-15,27,08:10 - 08:15,740,88,result
2026-09-15,28,08:15 - 08:20,294,93,result
2026-09-15,29,08:20 - 08:25,426,15,result
2026-09-15,30,08:25 - 08:30,334,42,result
2026-09-15,31,08:30 - 08:35,831,55,result
2026-09-15,32,08:35 - 08:40,209,20,result
2026-09-15,33,08:40 - 08:45,719,30,result
2026-09-15,34,08:45 - 08:50,271,76,result
2026-09-15,35,08:50 - 08:55,351,53,result
2026-09-15,36,08:55 - 09:00,433,25,result
2026-09-15,37,09:00 - 09:05,238,29,result
2026-09-15,38,09:05 - 09:10,691,76,result
2026-09-15,39,09:10 - 09:15,863,50,result
2026-09-15,40,09:15 - 09:20,900,77,result
2026-09-15,41,09:20 - 09:25,002,57,result
2026-09-15,42,09:25 - 09:30,621,15,result
2026-09-15,43,09:30 - 09:35,303,76,result
2026-09-15,44,09:35 - 09:40,898,13,result
2026-09-15,45,09:40 - 09:45,934,43,result
2026-09-15,46,09:45 - 09:50,718,53,result
2026-09-15,47,09:50 - 09:55,256,67,result
2026-09-15,48,09:55 - 10:00,438,54,result
2026-09-15,49,10:00 - 10:05,144,44,result
2026-09-15,50,10:05 - 10:10,497,89,result
2026-09-15,51,10:10 - 10:15,131,44,result
2026-09-15,52,10:15 - 10:20,085,91,result
2026-09-15,53,10:20 - 10:25,014,85,result
2026-09-15,54,10:25 - 10:30,544,42,result
2026-09-15,55,10:30 - 10:35,778,55,result
2026-09-15,56,10:35 - 10:40,383,66,result
2026-09-15,57,10:40 - 10:45,701,47,result
2026-09-15,58,10:45 - 10:50,243,54,result
2026-09-15,59,10:50 - 10:55,568,96,result
2026-09-15,60,10:55 - 11:00,907,22,result
2026-09-15,61,11:00 - 11:05,094,96,result
2026-09-15,62,11:05 - 11:10,286,71,result
2026-09-15,63,11:10 - 11:15,471,48,result
2026-09-15,64,11:15 - 11:20,466,99,result
2026-09-15,65,11:20 - 11:25,484,32,result
2026-09-15,66,11:25 - 11:30,753,55,result
2026-09-15,67,11:30 - 11:35,071,42,result
2026-09-15,68,11:35 - 11:40,057,26,result
2026-09-15,69,11:40 - 11:45,685,77,result
2026-09-15,70,11:45 - 11:50,835,33,result
2026-09-15,71,11:50 - 11:55,513,83,result
2026-09-15,72,11:55 - 12:00,910,39,result
2026-09-15,73,12:00 - 12:05,073,50,result
2026-09-15,74,12:05 - 12:10,397,91,result
2026-09-15,75,12:10 - 12:15,900,81,result
2026-09-15,76,12:15 - 12:20,418,76,result
2026-09-15,77,12:20 - 12:25,732,32,result
2026-09-15,78,12:25 - 12:30,414,99,result
2026-09-15,79,12:30 - 12:35,335,53,result
2026-09-15,80,12:35 - 12:40,467,94,result
2026-09-15,81,12:40 - 12:45,081,84,result
2026-09-15,82,12:45 - 12:50,606,50,result
2026-09-15,83,12:50 - 12:55,757,70,result
2026-09-15,84,12:55 - 13:00,703,85,result
2026-09-15,85,13:00 - 13:05,398,21,result
2026-09-15,86,13:05 - 13:10,348,74,result
2026-09-15,87,13:10 - 13:15,706,96,result
2026-09-15,88,13:15 - 13:20,308,61,result
2026-09-15,89,13:20 - 13:25,347,28,result
2026-09-15,90,13:25 - 13:30,811,88,result
2026-09-15,91,13:30 - 13:35,283,30,result
2026-09-15,92,13:35 - 13:40,108,03,result
2026-09-15,93,13:40 - 13:45,696,43,result
2026-09-15,94,13:45 - 13:50,563,01,result
2026-09-15,95,13:50 - 13:55,222,64,result
2026-09-15,96,13:55 - 14:00,522,14,result
2026-09-15,97,14:00 - 14:05,543,21,result
2026-09-15,98,14:05 - 14:10,660,35,result
2026-09-15,99,14:10 - 14:15,851,06,result
2026-09-15,100,14:15 - 14:20,194,85,result
2026-09-15,101,14:20 - 14:25,709,59,result
2026-09-15,102,14:25 - 14:30,230,15,result
2026-09-15,103,14:30 - 14:35,325,80,result
2026-09-15,104,14:35 - 14:40,682,93,result
2026-09-15,105,14:40 - 14:45,638,16,result
2026-09-15,106,14:45 - 14:50,570,05,result
2026-09-15,107,14:50 - 14:55,722,37,result
2026-09-15,108,14:55 - 15:00,452,82,result
2026-09-15,109,15:00 - 15:05,217,95,result
2026-09-15,110,15:05 - 15:10,548,43,result
2026-09-15,111,15:10 - 15:15,358,00,result
2026-09-15,112,15:15 - 15:20,233,69,result
2026-09-15,113,15:20 - 15:25,176,05,result
2026-09-15,114,15:25 - 15:30,540,29,result
2026-09-15,115,15:30 - 15:35,779,18,result
2026-09-15,116,15:35 - 15:40,185,25,result
2026-09-15,117,15:40 - 15:45,596,30,result
2026-09-15,118,15:45 - 15:50,114,05,result
2026-09-15,119,15:50 - 15:55,396,15,result
2026-09-15,120,15:55 - 16:00,177,76,result
2026-09-15,121,16:00 - 16:05,270,53,result
2026-09-15,122,16:05 - 16:10,495,04,result
2026-09-15,123,16:10 - 16:15,633,89,result
2026-09-15,124,16:15 - 16:20,273,86,result
2026-09-15,125,16:20 - 16:25,905,72,result
2026-09-15,126,16:25 - 16:30,621,47,result
2026-09-15,127,16:30 - 16:35,952,36,result
2026-09-15,128,16:35 - 16:40,909,24,result
2026-09-15,129,16:40 - 16:45,375,96,result
2026-09-15,130,16:45 - 16:50,393,23,result
2026-09-15,131,16:50 - 16:55,987,53,result
2026-09-15,132,16:55 - 17:00,765,43,result
2026-09-15,133,17:00 - 17:05,469,20,result
2026-09-15,134,17:05 - 17:10,068,38,result
2026-09-15,135,17:10 - 17:15,576,82,result
2026-09-15,136,17:15 - 17:20,651,54,result
2026-09-15,137,17:20 - 17:25,275,88,result
2026-09-15,138,17:25 - 17:30,040,75,result
2026-09-15,139,17:30 - 17:35,516,75,result
2026-09-15,140,17:35 - 17:40,521,43,result
2026-09-15,141,17:40 - 17:45,302,14,result
2026-09-15,142,17:45 - 17:50,376,51,result
2026-09-15,143,17:50 - 17:55,699,36,result
2026-09-15,144,17:55 - 18:00,559,13,result
2026-09-15,145,18:00 - 18:05,870,33,result
2026-09-15,146,18:05 - 18:10,809,27,result
2026-09-15,147,18:10 - 18:15,087,89,result
2026-09-15,148,18:15 - 18:20,365,94,result
2026-09-15,149,18:20 - 18:25,731,21,result
2026-09-15,150,18:25 - 18:30,863,67,result
2026-09-15,151,18:30 - 18:35,782,22,result
2026-09-15,152,18:35 - 18:40,742,86,result
2026-09-15,153,18:40 - 18:45,845,27,result
2026-09-15,154,18:45 - 18:50,151,28,result
2026-09-15,155,18:50 - 18:55,948,42,result
2026-09-15,156,18:55 - 19:00,469,14,result
2026-09-15,157,19:00 - 19:05,150,88,result
2026-09-15,158,19:05 - 19:10,616,04,result
2026-09-15,159,19:10 - 19:15,641,14,result
2026-09-15,160,19:15 - 19:20,463,54,result
2026-09-15,161,19:20 - 19:25,570,57,result
2026-09-15,162,19:25 - 19:30,132,80,result
2026-09-15,163,19:30 - 19:35,870,39,result
2026-09-15,164,19:35 - 19:40,143,40,result
2026-09-15,165,19:40 - 19:45,178,09,result
2026-09-15,166,19:45 - 19:50,920,91,result
2026-09-15,167,19:50 - 19:55,353,13,result
2026-09-15,168,19:55 - 20:00,954,84,result
2026-09-15,169,20:00 - 20:05,616,44,result
2026-09-15,170,20:05 - 20:10,610,52,result
2026-09-15,171,20:10 - 20:15,526,12,result
2026-09-15,172,20:15 - 20:20,756,02,result
2026-09-15,173,20:20 - 20:25,786,40,result
2026-09-15,174,20:25 - 20:30,028,64,result
2026-09-15,175,20:30 - 20:35,099,45,result
2026-09-15,176,20:35 - 20:40,789,63,result
2026-09-15,177,20:40 - 20:45,203,85,result
2026-09-15,178,20:45 - 20:50,329,41,result
2026-09-15,179,20:50 - 20:55,395,15,result
2026-09-15,180,20:55 - 21:00,514,86,result
2026-09-15,181,21:00 - 21:05,385,48,result
2026-09-15,182,21:05 - 21:10,062,47,result
2026-09-15,183,21:10 - 21:15,723,74,result
2026-09-15,184,21:15 - 21:20,182,23,result
2026-09-15,185,21:20 - 21:25,567,06,result
2026-09-15,186,21:25 - 21:30,400,03,result
2026-09-15,187,21:30 - 21:35,776,79,result
2026-09-15,188,21:35 - 21:40,191,06,result
2026-09-15,189,21:40 - 21:45,402,73,result
2026-09-15,190,21:45 - 21:50,449,48,result
2026-09-15,191,21:50 - 21:55,419,72,result
2026-09-15,192,21:55 - 22:00,159,32,result
2026-09-15,193,22:00 - 22:05,941,79,result
2026-09-15,194,22:05 - 22:10,461,43,result
2026-09-15,195,22:10 - 22:15,694,54,result
2026-09-15,196,22:15 - 22:20,544,96,result
2026-09-15,197,22:20 - 22:25,678,84,result
2026-09-15,198,22:25 - 22:30,752,33,result
2026-09-15,199,22:30 - 22:35,421,30,result
2026-09-15,200,22:35 - 22:40,476,44,result
2026-09-15,201,22:40 - 22:45,668,65,result
2026-09-15,202,22:45 - 22:50,200,81,result
2026-09-15,203,22:50 - 22:55,651,98,result
2026-09-15,204,22:55 - 23:00,941,11,result
2026-09-15,205,23:00 - 23:05,374,82,result
2026-09-15,206,23:05 - 23:10,758,28,result
2026-09-15,207,23:10 - 23:15,951,28,result
2026-09-15,208,23:15 - 23:20,966,41,result
2026-09-15,209,23:20 - 23:25,536,11,result
2026-09-15,210,23:25 - 23:30,101,62,result
2026-09-15,211,23:30 - 23:35,004,53,result
2026-09-15,212,23:35 - 23:40,207,47,result
2026-09-15,213,23:40 - 23:45,192,82,result
2026-09-15,214,23:45 - 23:50,312,75,result
2026-09-15,215,23:50 - 23:55,770,40,result
2026-09-15,216,23:55 - 00:00,724,79,result
2026-09-15,217,00:00 - 00:05,066,25,result
2026-09-15,218,00:05 - 00:10,753,10,result
2026-09-15,219,00:10 - 00:15,619,29,result
2026-09-15,220,00:15 - 00:20,819,89,result
2026-09-15,221,00:20 - 00:25,531,67,result
2026-09-15,222,00:25 - 00:30,255,21,result
2026-09-15,223,00:30 - 00:35,062,54,result
2026-09-15,224,00:35 - 00:40,753,24,result
2026-09-15,225,00:40 - 00:45,074,96,result
2026-09-15,226,00:45 - 00:50,574,67,result
2026-09-15,227,00:50 - 00:55,695,62,result
2026-09-15,228,00:55 - 01:00,887,05,result
2026-09-15,229,01:00 - 01:05,090,93,result
2026-09-15,230,01:05 - 01:10,250,98,result
2026-09-15,231,01:10 - 01:15,455,07,result
2026-09-15,232,01:15 - 01:20,501,74,result
2026-09-15,233,01:20 - 01:25,677,39,result
2026-09-15,234,01:25 - 01:30,063,49,result
2026-09-15,235,01:30 - 01:35,448,14,result
2026-09-15,236,01:35 - 01:40,761,12,result
2026-09-15,237,01:40 - 01:45,354,03,result
2026-09-15,238,01:45 - 01:50,807,22,result
2026-09-15,239,01:50 - 01:55,962,31,result
2026-09-15,240,01:55 - 02:00,873,50,result
2026-09-15,241,02:00 - 02:05,368,89,result
2026-09-15,242,02:05 - 02:10,695,86,result
2026-09-15,243,02:10 - 02:15,119,79,result
2026-09-15,244,02:15 - 02:20,754,13,result
2026-09-15,245,02:20 - 02:25,828,07,result
2026-09-15,246,02:25 - 02:30,528,69,result
2026-09-15,247,02:30 - 02:35,669,85,result
2026-09-15,248,02:35 - 02:40,029,56,result
2026-09-15,249,02:40 - 02:45,341,05,result
2026-09-15,250,02:45 - 02:50,657,86,result
2026-09-15,251,02:50 - 02:55,399,47,result
2026-09-15,252,02:55 - 03:00,967,74,result
2026-09-15,253,03:00 - 03:05,824,05,result
2026-09-15,254,03:05 - 03:10,479,61,result
2026-09-15,255,03:10 - 03:15,318,41,result
2026-09-15,256,03:15 - 03:20,051,16,result
2026-09-15,257,03:20 - 03:25,211,32,result
2026-09-15,258,03:25 - 03:30,228,96,result
2026-09-15,259,03:30 - 03:35,129,49,result
2026-09-15,260,03:35 - 03:40,637,35,result
2026-09-15,261,03:40 - 03:45,031,00,result
2026-09-15,262,03:45 - 03:50,439,03,result
2026-09-15,263,03:50 - 03:55,978,37,result
2026-09-15,264,03:55 - 04:00,303,43,result
2026-09-15,265,04:00 - 04:05,464,09,result
2026-09-15,266,04:05 - 04:10,326,13,result
2026-09-15,267,04:10 - 04:15,061,68,result
2026-09-15,268,04:15 - 04:20,317,83,result
2026-09-15,269,04:20 - 04:25,669,89,result
2026-09-15,270,04:25 - 04:30,984,44,result
2026-09-15,271,04:30 - 04:35,603,97,result
2026-09-15,272,04:35 - 04:40,549,24,result
2026-09-15,273,04:40 - 04:45,425,60,result
2026-09-15,274,04:45 - 04:50,331,50,result
2026-09-15,275,04:50 - 04:55,789,12,result
2026-09-15,276,04:55 - 05:00,205,09,result
2026-09-15,277,05:00 - 05:05,568,66,result
2026-09-15,278,05:05 - 05:10,260,26,result
2026-09-15,279,05:10 - 05:15,523,74,result
2026-09-15,280,05:15 - 05:20,193,41,result
2026-09-15,281,05:20 - 05:25,645,79,result
2026-09-15,282,05:25 - 05:30,014,05,result
2026-09-15,283,05:30 - 05:35,143,14,result
2026-09-15,284,05:35 - 05:40,820,33,result
2026-09-15,285,05:40 - 05:45,267,05,result
2026-09-15,286,05:45 - 05:50,074,50,result
2026-09-15,287,05:50 - 05:55,271,62,result
2026-09-15,288,05:55 - 06:00,449,51,result
2026-09-16,1,06:00 - 06:05,963,43,result
2026-09-16,2,06:05 - 06:10,002,15,result
2026-09-16,3,06:10 - 06:15,655,14,result
2026-09-16,4,06:15 - 06:20,118,05,result
2026-09-16,5,06:20 - 06:25,290,03,result
2026-09-16,6,06:25 - 06:30,931,36,result
2026-09-16,7,06:30 - 06:35,887,31,result
2026-09-16,8,06:35 - 06:40,438,16,result
2026-09-16,9,06:40 - 06:45,208,30,result
2026-09-16,10,06:45 - 06:50,341,19,result
2026-09-16,11,06:50 - 06:55,794,57,result
2026-09-16,12,06:55 - 07:00,423,22,result
2026-09-16,13,07:00 - 07:05,160,53,result
2026-09-16,14,07:05 - 07:10,124,35,result
2026-09-16,15,07:10 - 07:15,526,41,result
2026-09-16,16,07:15 - 07:20,476,46,result
2026-09-16,17,07:20 - 07:25,893,71,result
2026-09-16,18,07:25 - 07:30,113,78,result
2026-09-16,19,07:30 - 07:35,528,20,result
2026-09-16,20,07:35 - 07:40,427,76,result
2026-09-16,21,07:40 - 07:45,486,21,result
2026-09-16,22,07:45 - 07:50,896,84,result
2026-09-16,23,07:50 - 07:55,466,74,result
2026-09-16,24,07:55 - 08:00,163,36,result
2026-09-16,25,08:00 - 08:05,183,53,result
2026-09-16,26,08:05 - 08:10,009,32,result
2026-09-16,27,08:10 - 08:15,655,52,result
2026-09-16,28,08:15 - 08:20,619,84,result
2026-09-16,29,08:20 - 08:25,051,40,result
2026-09-16,30,08:25 - 08:30,404,06,result
2026-09-16,31,08:30 - 08:35,316,64,result
2026-09-16,32,08:35 - 08:40,779,41,result
2026-09-16,33,08:40 - 08:45,517,48,result
2026-09-16,34,08:45 - 08:50,655,09,result
2026-09-16,35,08:50 - 08:55,594,23,result
2026-09-16,36,08:55 - 09:00,973,70,result
2026-09-16,37,09:00 - 09:05,035,93,result
2026-09-16,38,09:05 - 09:10,194,50,result
2026-09-16,39,09:10 - 09:15,111,70,result
2026-09-16,40,09:15 - 09:20,924,26,result
2026-09-16,41,09:20 - 09:25,736,51,result
2026-09-16,42,09:25 - 09:30,336,11,result
2026-09-16,43,09:30 - 09:35,823,53,result
2026-09-16,44,09:35 - 09:40,131,58,result
2026-09-16,45,09:40 - 09:45,127,48,result
2026-09-16,46,09:45 - 09:50,256,21,result
2026-09-16,47,09:50 - 09:55,217,47,result
2026-09-16,48,09:55 - 10:00,746,36,result
2026-09-16,49,10:00 - 10:05,442,74,result
2026-09-16,50,10:05 - 10:10,433,66,result
2026-09-16,51,10:10 - 10:15,252,00,result
2026-09-16,52,10:15 - 10:20,998,77,result
2026-09-16,53,10:20 - 10:25,693,85,result
2026-09-16,54,10:25 - 10:30,173,76,result
2026-09-16,55,10:30 - 10:35,349,82,result
2026-09-16,56,10:35 - 10:40,444,13,result
2026-09-16,57,10:40 - 10:45,277,17,result
2026-09-16,58,10:45 - 10:50,989,83,result
2026-09-16,59,10:50 - 10:55,944,23,result
2026-09-16,60,10:55 - 11:00,376,76,result
2026-09-16,61,11:00 - 11:05,815,26,result
2026-09-16,62,11:05 - 11:10,404,61,result
2026-09-16,63,11:10 - 11:15,164,11,result
2026-09-16,64,11:15 - 11:20,057,49,result
2026-09-16,65,11:20 - 11:25,110,46,result
2026-09-16,66,11:25 - 11:30,298,45,result
2026-09-16,67,11:30 - 11:35,126,95,result
2026-09-16,68,11:35 - 11:40,218,85,result
2026-09-16,69,11:40 - 11:45,446,77,result
2026-09-16,70,11:45 - 11:50,258,33,result
2026-09-16,71,11:50 - 11:55,550,64,result
2026-09-16,72,11:55 - 12:00,544,67,result
2026-09-16,73,12:00 - 12:05,641,22,result
2026-09-16,74,12:05 - 12:10,386,80,result
2026-09-16,75,12:10 - 12:15,915,64,result
2026-09-16,76,12:15 - 12:20,068,80,result
2026-09-16,77,12:20 - 12:25,873,80,result
2026-09-16,78,12:25 - 12:30,323,09,result
2026-09-16,79,12:30 - 12:35,726,47,result
2026-09-16,80,12:35 - 12:40,299,77,result
2026-09-16,81,12:40 - 12:45,249,99,result
2026-09-16,82,12:45 - 12:50,264,77,result
2026-09-16,83,12:50 - 12:55,901,88,result
2026-09-16,84,12:55 - 13:00,309,79,result
2026-09-16,85,13:00 - 13:05,111,58,result
2026-09-16,86,13:05 - 13:10,860,32,result
2026-09-16,87,13:10 - 13:15,179,78,result
2026-09-16,88,13:15 - 13:20,638,23,result
2026-09-16,89,13:20 - 13:25,908,08,result
2026-09-16,90,13:25 - 13:30,519,41,result
2026-09-16,91,13:30 - 13:35,750,70,result
2026-09-16,92,13:35 - 13:40,443,28,result
2026-09-16,93,13:40 - 13:45,843,75,result
2026-09-16,94,13:45 - 13:50,008,29,result
2026-09-16,95,13:50 - 13:55,592,23,result
2026-09-16,96,13:55 - 14:00,983,54,result
2026-09-16,97,14:00 - 14:05,708,60,result
2026-09-16,98,14:05 - 14:10,305,16,result
2026-09-16,99,14:10 - 14:15,743,32,result
2026-09-16,100,14:15 - 14:20,852,45,result
2026-09-16,101,14:20 - 14:25,176,48,result
2026-09-16,102,14:25 - 14:30,766,32,result
2026-09-16,103,14:30 - 14:35,167,16,result
2026-09-16,104,14:35 - 14:40,689,95,result
2026-09-16,105,14:40 - 14:45,639,72,result
2026-09-16,106,14:45 - 14:50,965,83,result
2026-09-16,107,14:50 - 14:55,359,69,result
2026-09-16,108,14:55 - 15:00,996,42,result
2026-09-16,109,15:00 - 15:05,083,22,result
2026-09-16,110,15:05 - 15:10,096,84,result
2026-09-16,111,15:10 - 15:15,159,06,result
2026-09-16,112,15:15 - 15:20,392,48,result
2026-09-16,113,15:20 - 15:25,534,43,result
2026-09-16,114,15:25 - 15:30,120,98,result
2026-09-16,115,15:30 - 15:35,815,36,result
2026-09-16,116,15:35 - 15:40,092,25,result
2026-09-16,117,15:40 - 15:45,061,46,result
2026-09-16,118,15:45 - 15:50,845,48,result
2026-09-16,119,15:50 - 15:55,706,79,result
2026-09-16,120,15:55 - 16:00,422,32,result
2026-09-16,121,16:00 - 16:05,651,75,result
2026-09-16,122,16:05 - 16:10,969,10,result
2026-09-16,123,16:10 - 16:15,667,34,result
2026-09-16,124,16:15 - 16:20,909,20,result
2026-09-16,125,16:20 - 16:25,733,12,result
2026-09-16,126,16:25 - 16:30,609,03,result
2026-09-16,127,16:30 - 16:35,213,55,result
2026-09-16,128,16:35 - 16:40,588,58,result
2026-09-16,129,16:40 - 16:45,851,26,result
2026-09-16,130,16:45 - 16:50,804,79,result
2026-09-16,131,16:50 - 16:55,788,08,result
2026-09-16,132,16:55 - 17:00,972,29,result
2026-09-16,133,17:00 - 17:05,295,57,result
2026-09-16,134,17:05 - 17:10,525,11,result
2026-09-16,135,17:10 - 17:15,449,37,result
2026-09-16,136,17:15 - 17:20,240,35,result
2026-09-16,137,17:20 - 17:25,459,82,result
2026-09-16,138,17:25 - 17:30,598,85,result
2026-09-16,139,17:30 - 17:35,218,42,result
2026-09-16,140,17:35 - 17:40,513,19,result
2026-09-16,141,17:40 - 17:45,310,20,result
2026-09-16,142,17:45 - 17:50,457,80,result
2026-09-16,143,17:50 - 17:55,699,93,result
2026-09-16,144,17:55 - 18:00,565,35,result
2026-09-16,145,18:00 - 18:05,920,95,result
2026-09-16,146,18:05 - 18:10,152,49,result
2026-09-16,147,18:10 - 18:15,179,12,result
2026-09-16,148,18:15 - 18:20,903,48,result
2026-09-16,149,18:20 - 18:25,516,65,result
2026-09-16,150,18:25 - 18:30,579,02,result
2026-09-16,151,18:30 - 18:35,378,96,result
2026-09-16,152,18:35 - 18:40,368,30,result
2026-09-16,153,18:40 - 18:45,225,98,result
2026-09-16,154,18:45 - 18:50,418,55,result
2026-09-16,155,18:50 - 18:55,562,51,result
2026-09-16,156,18:55 - 19:00,775,19,result
2026-09-16,157,19:00 - 19:05,125,95,result
2026-09-16,158,19:05 - 19:10,409,53,result
2026-09-16,159,19:10 - 19:15,620,38,result
2026-09-16,160,19:15 - 19:20,080,77,result
2026-09-16,161,19:20 - 19:25,665,61,result
2026-09-16,162,19:25 - 19:30,341,88,result
2026-09-16,163,19:30 - 19:35,865,59,result
2026-09-16,164,19:35 - 19:40,789,51,result
2026-09-16,165,19:40 - 19:45,020,21,result
2026-09-16,166,19:45 - 19:50,529,78,result
2026-09-16,167,19:50 - 19:55,720,44,result
2026-09-16,168,19:55 - 20:00,715,40,result
2026-09-16,169,20:00 - 20:05,072,55,result
2026-09-16,170,20:05 - 20:10,231,94,result
2026-09-16,171,20:10 - 20:15,550,48,result
2026-09-16,172,20:15 - 20:20,227,29,result
2026-09-16,173,20:20 - 20:25,623,17,result
2026-09-16,174,20:25 - 20:30,238,47,result
2026-09-16,175,20:30 - 20:35,323,08,result
2026-09-16,176,20:35 - 20:40,096,03,result
2026-09-16,177,20:40 - 20:45,549,24,result
2026-09-16,178,20:45 - 20:50,501,91,result
2026-09-16,179,20:50 - 20:55,930,70,result
2026-09-16,180,20:55 - 21:00,567,19,result
2026-09-16,181,21:00 - 21:05,610,41,result
2026-09-16,182,21:05 - 21:10,840,93,result
2026-09-16,183,21:10 - 21:15,745,48,result
2026-09-16,184,21:15 - 21:20,032,26,result
2026-09-16,185,21:20 - 21:25,951,96,result
2026-09-16,186,21:25 - 21:30,397,65,result
2026-09-16,187,21:30 - 21:35,663,83,result
2026-09-16,188,21:35 - 21:40,679,16,result
2026-09-16,189,21:40 - 21:45,004,75,result
2026-09-16,190,21:45 - 21:50,029,92,result
2026-09-16,191,21:50 - 21:55,551,47,result
2026-09-16,192,21:55 - 22:00,879,32,result
2026-09-16,193,22:00 - 22:05,580,14,result
2026-09-16,194,22:05 - 22:10,054,93,result
2026-09-16,195,22:10 - 22:15,261,62,result
2026-09-16,196,22:15 - 22:20,006,76,result
2026-09-16,197,22:20 - 22:25,130,17,result
2026-09-16,198,22:25 - 22:30,568,95,result
2026-09-16,199,22:30 - 22:35,498,78,result
2026-09-16,200,22:35 - 22:40,182,68,result
2026-09-16,201,22:40 - 22:45,568,95,result
2026-09-16,202,22:45 - 22:50,702,27,result
2026-09-16,203,22:50 - 22:55,407,60,result
2026-09-16,204,22:55 - 23:00,055,82,result
2026-09-16,205,23:00 - 23:05,452,11,result
2026-09-16,206,23:05 - 23:10,224,62,result
2026-09-16,207,23:10 - 23:15,894,20,result
2026-09-16,208,23:15 - 23:20,625,20,result
2026-09-16,209,23:20 - 23:25,495,58,result
2026-09-16,210,23:25 - 23:30,960,00,result
2026-09-16,211,23:30 - 23:35,737,95,result
2026-09-16,212,23:35 - 23:40,959,07,result
2026-09-16,213,23:40 - 23:45,691,20,result
2026-09-16,214,23:45 - 23:50,444,66,result
2026-09-16,215,23:50 - 23:55,362,51,result
2026-09-16,216,23:55 - 00:00,617,30,result
2026-09-16,217,00:00 - 00:05,560,22,result
2026-09-16,218,00:05 - 00:10,580,70,result
2026-09-16,219,00:10 - 00:15,434,34,result
2026-09-16,220,00:15 - 00:20,621,55,result
2026-09-16,221,00:20 - 00:25,961,31,result
2026-09-16,222,00:25 - 00:30,203,78,result
2026-09-16,223,00:30 - 00:35,472,28,result
2026-09-16,224,00:35 - 00:40,855,02,result
2026-09-16,225,00:40 - 00:45,441,33,result
2026-09-16,226,00:45 - 00:50,189,81,result
2026-09-16,227,00:50 - 00:55,085,55,result
2026-09-16,228,00:55 - 01:00,574,98,result
2026-09-16,229,01:00 - 01:05,463,11,result
2026-09-16,230,01:05 - 01:10,856,29,result
2026-09-16,231,01:10 - 01:15,393,13,result
2026-09-16,232,01:15 - 01:20,611,69,result
2026-09-16,233,01:20 - 01:25,368,63,result
2026-09-16,234,01:25 - 01:30,586,13,result
2026-09-16,235,01:30 - 01:35,563,93,result
2026-09-16,236,01:35 - 01:40,903,15,result
2026-09-16,237,01:40 - 01:45,544,50,result
2026-09-16,238,01:45 - 01:50,616,33,result
2026-09-16,239,01:50 - 01:55,726,61,result
2026-09-16,240,01:55 - 02:00,296,71,result
2026-09-16,241,02:00 - 02:05,500,17,result
2026-09-16,242,02:05 - 02:10,562,17,result
2026-09-16,243,02:10 - 02:15,820,65,result
2026-09-16,244,02:15 - 02:20,736,61,result
2026-09-16,245,02:20 - 02:25,131,14,result
2026-09-16,246,02:25 - 02:30,482,37,result
2026-09-16,247,02:30 - 02:35,611,56,result
2026-09-16,248,02:35 - 02:40,247,60,result
2026-09-16,249,02:40 - 02:45,070,32,result
2026-09-16,250,02:45 - 02:50,624,09,result
2026-09-16,251,02:50 - 02:55,384,30,result
2026-09-16,252,02:55 - 03:00,960,06,result
2026-09-16,253,03:00 - 03:05,012,33,result
2026-09-16,254,03:05 - 03:10,372,31,result
2026-09-16,255,03:10 - 03:15,658,78,result
2026-09-16,256,03:15 - 03:20,675,60,result
2026-09-16,257,03:20 - 03:25,858,80,result
2026-09-16,258,03:25 - 03:30,566,08,result
2026-09-16,259,03:30 - 03:35,107,51,result
2026-09-16,260,03:35 - 03:40,825,18,result
2026-09-16,261,03:40 - 03:45,586,40,result
2026-09-16,262,03:45 - 03:50,659,67,result
2026-09-16,263,03:50 - 03:55,908,65,result
2026-09-16,264,03:55 - 04:00,256,39,result
2026-09-16,265,04:00 - 04:05,097,40,result
2026-09-16,266,04:05 - 04:10,998,17,result
2026-09-16,267,04:10 - 04:15,505,08,result
2026-09-16,268,04:15 - 04:20,896,40,result
2026-09-16,269,04:20 - 04:25,128,36,result
2026-09-16,270,04:25 - 04:30,949,47,result
2026-09-16,271,04:30 - 04:35,783,79,result
2026-09-16,272,04:35 - 04:40,617,81,result
2026-09-16,273,04:40 - 04:45,288,25,result
2026-09-16,274,04:45 - 04:50,697,54,result
2026-09-16,275,04:50 - 04:55,477,34,result
2026-09-16,276,04:55 - 05:00,867,08,result
2026-09-16,277,05:00 - 05:05,793,45,result
2026-09-16,278,05:05 - 05:10,585,59,result
2026-09-16,279,05:10 - 05:15,318,37,result
2026-09-16,280,05:15 - 05:20,898,90,result
2026-09-16,281,05:20 - 05:25,368,13,result
2026-09-16,282,05:25 - 05:30,966,70,result
2026-09-16,283,05:30 - 05:35,599,66,result
2026-09-16,284,05:35 - 05:40,442,07,result
2026-09-16,285,05:40 - 05:45,036,75,result
2026-09-16,286,05:45 - 05:50,392,01,result
2026-09-16,287,05:50 - 05:55,604,10,result
2026-09-16,288,05:55 - 06:00,015,06,result
