brand,1600TL-G3,rated_power_kw,phases,ac_rated_voltage_v,system_size_limit,certified_date_th,expiry_date_th,detail_cert_no,detail_firmware,notes
SINENG,2000G7,50 kW,3,230/400,ไม่เกิน 500 kW,24-ต.ค.-66,24-ต.ค.-69,ดู,,
SMA,3300TL-G3,12 kW,3,380/400/415,ทุกขนาด,24-ต.ค.-66,24-ต.ค.-69,ดู,,
solis,AE5K-L1-S,6 kW,1,"220, 230",ทุกขนาด,24-ต.ค.-66,24-ต.ค.-69,ดู,,
solis,AF10K-MTH,10 kW,1,"220, 230",ทุกขนาด,24-ต.ค.-66,24-ต.ค.-69,ดู,,
solis,AF50K-TH,255 kW,3,800,ทุกขนาด,24-ต.ค.-66,24-ต.ค.-69,ดู,,
Solplanet,AF5K-SLP,10 kW,3,220/380,ไม่เกิน 500 kW,26-ก.ย.-66,26-ก.ย.-69,ดู,,
Solplanet,AF6K-SLP,5 kW,1,220,ไม่เกิน 500 kW,26-ก.ย.-66,26-ก.ย.-69,ดู,,
SUNGROW,AF6K-SLP,"1,100 kW",3,630,ทุกขนาด,27-ก.พ.-67,27-ก.พ.-70,ดู,,
SUNGROW,Apollo 10K-T1,225 kW,3,800,ทุกขนาด,27-ก.พ.-67,27-ก.พ.-70,ดู,,
SUNGROW,Apollo 10K-T1,320 kW,3,800,ทุกขนาด,27-ก.พ.-67,27-ก.พ.-70,ดู,,
TMDA,Apollo15K-T1,10 kW,1,230,ไม่เกิน 500 kW,27-ก.พ.-67,27-ก.พ.-70,ดู,,
HUAWEI,ASG-10SL-ZL,100 kW,3,220/380,ทุกขนาด,27-ก.พ.-67,27-ก.พ.-70,ดู,,
SMA,ASG-10TL-ZL,15 kW,3,380/400/415,ทุกขนาด,27-ก.พ.-67,27-ก.พ.-70,ดู,,
SMA,ASG-15TL-ZL,20 kW,3,380/400/415,ทุกขนาด,27-ก.พ.-67,27-ก.พ.-70,ดู,,
HUAWEI,ASG-20TL-ZH,175 kW,3,800,ทุกขนาด,27-ก.พ.-67,27-ก.พ.-70,ดู,,
HUAWEI,ASG-6SL-ZL,30 kW,3,380,ทุกขนาด,27-ก.พ.-67,27-ก.พ.-70,ดู,,
HUAWEI,ASG-8SL-ZL,36 kW,3,380,ทุกขนาด,27-ก.พ.-67,27-ก.พ.-70,ดู,,
HUAWEI,ASN-10TL-G2,40 kW,3,380,ทุกขนาด,27-ก.พ.-67,27-ก.พ.-70,ดู,,
HUAWEI,ASN-110TL,60 kW,3,380,ทุกขนาด,27-ก.พ.-67,27-ก.พ.-70,ดู,,
SOLAX POWER,ASN-110TL,5 kW,1,220/230/240,ไม่เกิน 500 kW,27-ก.พ.-67,27-ก.พ.-70,ดู,,
Hoymiles,ASN-20TL,2 kW,1,220/230/240,ทุกขนาด,27-ก.พ.-67,27-ก.พ.-70,ดู,,
PSI,ASN-20TL,10 kW,3,380/400,ไม่เกิน 500 kW,18-ม.ค.-67,18-ม.ค.-70,ดู,,
Hoymiles,ASN-30TL-G2,2 kW,3,230/400,ทุกขนาด,18-ม.ค.-67,18-ม.ค.-70,ดู,,
PSI,ASN-30TL-G2,5 kW,3,380/400,ไม่เกิน 500 kW,18-ม.ค.-67,18-ม.ค.-70,ดู,,
NEOVOLT,ASN-40TL,5 kW,1,220,ไม่เกิน 500 kW,18-ม.ค.-67,18-ม.ค.-70,ดู,,
NEOVOLT,ASN-50TL-G2,3.6 kW,1,220,ไม่เกิน 500 kW,18-ม.ค.-67,18-ม.ค.-70,ดู,,
SOLAX POWER,ASN-5SL-PLUS,5 kW,3,220/380,ไม่เกิน 500 kW,13-ธ.ค.-66,13-ธ.ค.-69,ดู,,
SOLAX POWER,ASN-6TL-G2,60 kW,3,"220/380, 230/400",ไม่เกิน 500 kW,17-พ.ย.-66,17-พ.ย.-69,ดู,,
GOODWE,ASN-6TL-G2,50 kW,3,400,ทุกขนาด,17-พ.ย.-66,17-พ.ย.-69,ดู,,
SMA,ASP-110KTLC,25 kW,3,380/400/415,ทุกขนาด,24-ต.ค.-66,24-ต.ค.-69,ดู,,
SMA,ASW100K-LT,150 kW,3,800,ทุกขนาด,24-ต.ค.-66,24-ต.ค.-69,ดู,,
solis,ASW10K-LT-G2 Pro,5 kW,1,"220, 230",ทุกขนาด,24-ต.ค.-66,24-ต.ค.-69,,,
HUAWEI,ASW150K-LT,5 kW,1,220/230/240,ไม่เกิน 500 kW,3-เม.ย.-67,3-เม.ย.-70,ดู,,
SolarEdge,ASW250K-HT,10 kW,3,400,ไม่เกิน 500 kW,3-เม.ย.-67,3-เม.ย.-70,ดู,,
PSI,ASW360K-HT,50 kW,3,380,ไม่เกิน 500 kW,3-เม.ย.-67,3-เม.ย.-70,ดู,,
SolarEdge,ASW360K-HT,5 kW,1,220/230,ไม่เกิน 500 kW,3-เม.ย.-67,3-เม.ย.-70,ดู,,
GOODWE,ASW3680-S-G2,5 kW,1,220,ไม่เกิน 500 kW,3-เม.ย.-67,3-เม.ย.-70,ดู,,
KSTAR,ASW5000H-S2,10 kW,3,230/400,ไม่เกิน 500 kW,3-เม.ย.-67,3-เม.ย.-70,ดู,,
PSI,ASW5000-S-G2,5 kW,1,220,ไม่เกิน 500 kW,3-เม.ย.-67,3-เม.ย.-70,ดู,,
SOLAX POWER,ASW50K-LT-G3,20 kW,3,220/380,ไม่เกิน 500 kW,3-เม.ย.-67,3-เม.ย.-70,ดู,,
Deye,AT50-10048T PRO,12 kW,3,380,ไม่เกิน 500 kW,3-เม.ย.-67,3-เม.ย.-70,ดู,,
Solplanet,AT50-11000TM,3.68 kW,1,220/230,ไม่เกิน 500 kW,3-เม.ย.-67,3-เม.ย.-70,ดู,,
SOLAX POWER,AT50-3000,40 kW,3,220/380,ไม่เกิน 500 kW,3-เม.ย.-67,3-เม.ย.-70,ดู,,
HUAWEI,BCS100K-B-HM X2,3 kW,1,220/230/240,ไม่เกิน 500 kW,3-เม.ย.-67,3-เม.ย.-70,ดู,,
HUAWEI,BCS1725K-B-HUD,20 kW,3,220/380,ไม่เกิน 500 kW,3-เม.ย.-67,3-เม.ย.-70,ดู,,
HUAWEI,BDM-2000,12 kW,3,220/380,ไม่เกิน 500 kW,3-เม.ย.-67,3-เม.ย.-70,ดู,,
NR Electric,BLUE-20KT-M1,"1,750 kW",3,690,ทุกขนาด,3-เม.ย.-67,3-เม.ย.-70,ดู,,
NR Electric,BlueArk X1 6K-SP,"1,575 kW",3,630,ทุกขนาด,3-เม.ย.-67,3-เม.ย.-70,ดู,,
HUAWEI,BlueArk X1 8K-SP,5 kW,3,220/380,ไม่เกิน 500 kW,3-เม.ย.-67,3-เม.ย.-70,ดู,,
HUAWEI,BlueArk X1 8K-SP,10 kW,3,220/380,ไม่เกิน 500 kW,3-เม.ย.-67,3-เม.ย.-70,ดู,,
Enphase,BlueArk X5-50k-100,0.475 kW,1,230,ไม่เกิน 500 kW,27-ก.พ.-67,27-ก.พ.-70,ดู,,
GROWATT,BlueArk X5-50k-100,60 kW,3,400,ไม่เกิน 500 kW,27-ก.พ.-67,27-ก.พ.-70,ดู,,
Solplanet,BlueArk X5-50k-100,5 kW,1,220/230,ไม่เกิน 500 kW,27-ก.พ.-67,27-ก.พ.-70,ดู,,
solis,BluE-S 5000D,6 kW,1,220/230,ไม่เกิน 500 kW,27-ก.พ.-67,27-ก.พ.-70,ดู,,
solis,BNT010KTL,8 kW,1,220/230,ไม่เกิน 500 kW,27-ก.พ.-67,27-ก.พ.-70,ดู,,
solis,BNT020KTL,10 kW,3,380/400,ไม่เกิน 500 kW,27-ก.พ.-67,27-ก.พ.-70,ดู,,
KSTAR,BNT050KTL,125 kW,3,230/400,ทุกขนาด,9-ส.ค.-67,9-ส.ค.-70,ดู,,
FoxESS,BNT100KTL,5 kW,3,"220/380,230/400,240/415",ไม่เกิน 500 kW,9-ส.ค.-67,9-ส.ค.-70,ดู,,
RICHSOLAR,BNT100KTL,10 kW,1,220/230,ไม่เกิน 500 kW,9-ส.ค.-67,9-ส.ค.-70,ดู,,
ATESS,Bonaire XG50KTR,50 kW,3,400,ไม่เกิน 500 kW,1-ก.ค.-67,1-ก.ค.-70,ดู,,
ATESS,Bonaire XG50KTR,30 kW,3,400,ไม่เกิน 500 kW,1-ก.ค.-67,1-ก.ค.-70,ดู,,
CRRC,BSU-L0840ERQ-2,225 kW,3,800,ทุกขนาด,1-ก.ค.-67,1-ก.ค.-70,ดู,,
WEIHENG,BW-INV-SPH3.6K,100 kW,3,380,ไม่เกิน 500 kW,1-ก.ค.-67,1-ก.ค.-70,ดู,,
PSI,BW-INV-SPH5K,25 kW,3,380/400,ไม่เกิน 500 kW,1-ก.ค.-67,1-ก.ค.-70,ดู,,
Envertech,BYM2400,2 kW,1,220,ไม่เกิน 500 kW,1-ก.ค.-67,1-ก.ค.-70,ดู,,
SolarEdge,C6-100K-T9-40,10 kW,3,380/400,ไม่เกิน 500 kW,1-ก.ค.-67,1-ก.ค.-70,ดู,,
WEIHENG,C6-100K-T9-40,100 kW,3,380,ไม่เกิน 500 kW,1-ก.ค.-67,1-ก.ค.-70,ดู,,
GOODWE,CGH S5.0L,320 kW,3,800,ทุกขนาด,1-ก.ค.-67,1-ก.ค.-70,ดู,,
Alpha ESS,CGH S5.0L,10 kW,3,380/400,ไม่เกิน 500 kW,1-มิ.ย.-67,1-มิ.ย.-70,ดู,,
ATESS,CGH S5.0L,120 kW,3,400,ไม่เกิน 500 kW,23-พ.ค.-67,23-พ.ค.-70,ดู,,
PSI,CGH S5.0L,3.3 kW,1,220/230/240,ไม่เกิน 500 kW,23-พ.ค.-67,23-พ.ค.-70,ดู,,
GROWATT,CH2-50K-T6,500 kW,3,400,ทุกขนาด,23-พ.ค.-67,23-พ.ค.-70,ดู,,
ATESS,CL 10KHB-P3LV,"1,000 kW",3,400,ทุกขนาด,23-พ.ค.-67,23-พ.ค.-70,ดู,,
ATESS,CL 30KTL-P3,150 kW,3,400,ไม่เกิน 500 kW,23-พ.ค.-67,23-พ.ค.-70,ดู,,
FoxESS,CL 5KHB-P1LV,3 kW,1,220/230/240,ไม่เกิน 500 kW,23-พ.ค.-67,23-พ.ค.-70,ดู,,
Hopewind,CL 5KTL-P1,385 kW,3,800,ทุกขนาด,23-พ.ค.-67,23-พ.ค.-70,ดู,,
Hopewind,CL 60KTL-P3,110 kW,3,400,ทุกขนาด,23-พ.ค.-67,23-พ.ค.-70,ดู,,
Hopewind,CL215HX-IEC/UL,60 kW,3,400,ทุกขนาด,23-พ.ค.-67,23-พ.ค.-70,ดู,,
FoxESS,CL215HX-IEC/UL,6 kW,1,220/230/240,ไม่เกิน 500 kW,23-พ.ค.-67,23-พ.ค.-70,ดู,,
Zonergy,CP 500 TL-S,5 kW,1,230,ไม่เกิน 500 kW,8-พ.ค.-67,8-พ.ค.-70,ดู,,
KSTAR,CP630TL-S,20 kW,3,230/400,ทุกขนาด,8-พ.ค.-67,8-พ.ค.-70,ดู,,
SOLAX POWER,CSI-120K-T4001A-E,1.5 kW,1,220/230/240,ไม่เกิน 500 kW,22-ส.ค.-67,22-ส.ค.-70,ดู,,
GOODWE,CSI-120K-T4001B-E,125 kW,3,220/380/400,ทุกขนาด,22-ส.ค.-67,22-ส.ค.-70,ดู,,
SUNGROW,CSI-60K-T4001A-E,100 kW,3,230/400,ทุกขนาด,22-ส.ค.-67,22-ส.ค.-70,ดู,,
HUAWEI,DHN-SU1K5T-G0,150 kW,3,380,ทุกขนาด,22-ส.ค.-67,22-ส.ค.-70,ดู,,
Hoymiles,DHSP3GC-150KTL-A1,2 kW,1,220/230/240,ทุกขนาด,22-ส.ค.-67,22-ส.ค.-70,ดู,,
SINENG,DHSP3GC-150KTL-A1,10 kW,3,220/380,ไม่เกิน 500 kW,9-ส.ค.-67,9-ส.ค.-70,ดู,,
FoxESS,DS3D-H,3 kW,1,220/230/240,ไม่เกิน 500 kW,9-ส.ค.-67,9-ส.ค.-70,ดู,,
HUAWEI,E10KT,150 kW,3,380,ทุกขนาด,9-ส.ค.-67,9-ส.ค.-70,ดู,,
Solplanet,ECB-PM-100-P00,50 kW,3,"220/380,230/400",ทุกขนาด,9-ส.ค.-67,9-ส.ค.-70,ดู,,
HI-VIEW,EH62-6200W-48,5 kW,1,220/230,ไม่เกิน 500 kW,9-ส.ค.-67,9-ส.ค.-70,ดู,,
Solplanet,EHP-000500-P00,100 kW,3,"220/380,230/400",ทุกขนาด,9-ส.ค.-67,9-ส.ค.-70,ดู,,
SINENG,EHP-00140T-P00,30 kW,3,220/380,ไม่เกิน 500 kW,9-ส.ค.-67,9-ส.ค.-70,ดู,,
SOLAX POWER,Ei.H006KL-A1.22-P1NV-L,9.9 kW,1,"220,230,240",ไม่เกิน 500 kW,9-ส.ค.-67,9-ส.ค.-70,ดู,,
SINENG,Ei.H006KL-A1.22-P1NV-L,20 kW,3,220/380,ไม่เกิน 500 kW,9-ส.ค.-67,9-ส.ค.-70,ดู,,
SOLAX POWER,Ei.H012KL-A1.34-P1NV-L,30 kW,3,230/400,ไม่เกิน 500 kW,9-ส.ค.-67,9-ส.ค.-70,ดู,,
SOLAX POWER,Ei.H012KL-A1.34-P1NV-L,50 kW,3,220/380,ทุกขนาด,9-ส.ค.-67,9-ส.ค.-70,ดู,,
SOLAX POWER,Energy 1 S6000SL,8 kW,1,"220,230,240",ไม่เกิน 500 kW,9-ส.ค.-67,9-ส.ค.-70,ดู,,
ATESS,EON-MI800S-2C,250 kW,3,400,ไม่เกิน 500 kW,9-ส.ค.-67,9-ส.ค.-70,ดู,,
FoxESS,EON-MI800S-2F,20 kW,3,"220/380,230/400,240/415",ไม่เกิน 500 kW,9-ส.ค.-67,9-ส.ค.-70,ดู,,
GROWATT,EPCS105-AM,5 kW,1,230,ไม่เกิน 500 kW,9-ส.ค.-67,9-ส.ค.-70,ดู,,
FoxESS,ESI 10K-T1,15 kW,3,"220/380,230/400,240/415",ไม่เกิน 500 kW,9-ส.ค.-67,9-ส.ค.-70,ดู,,
GROWATT,ESI 10K-T1,20 kW,3,230/400,ไม่เกิน 500 kW,9-ส.ค.-67,9-ส.ค.-70,ดู,,
KEHUA TECH,ESI 8K-S1,125 kW,3,230/400,ทุกขนาด,9-ส.ค.-67,9-ส.ค.-70,ดู,,
FoxESS,ESI 8K-S1,10 kW,3,"220/380,230/400,240/415",ไม่เกิน 500 kW,9-ส.ค.-67,9-ส.ค.-70,ดู,,
SolarEdge,ESI-006000-P00,330 kW,3,690,ทุกขนาด,26-ก.ย.-67,26-ก.ย.-70,ดู,,
GOODWE,EVT2000,10 kW,3,380/400,ไม่เกิน 500 kW,26-ก.ย.-67,26-ก.ย.-70,ดู,,
INVT,F3000-G2,3 kW,1,220/230,ไม่เกิน 500 kW,26-ก.ย.-67,26-ก.ย.-70,ดู,,
Hoymiles,F6000,12 kW,3,380/400,ไม่เกิน 500 kW,26-ก.ย.-67,26-ก.ย.-70,ดู,,
HUAWEI,F6000,10 kW,3,220/380,ไม่เกิน 500 kW,26-ก.ย.-67,26-ก.ย.-70,ดู,,
ENERGY LIB,F6000-G2,8 kW,1,220,ไม่เกิน 500 kW,26-ก.ย.-67,26-ก.ย.-70,ดู,,
elecod,G125KT7,100 kW,3,220/380,ไม่เกิน 500 kW,26-ก.ย.-67,26-ก.ย.-70,ดู,,
SINENG,G60KT,125 kW,3,230/400,ทุกขนาด,26-ก.ย.-67,26-ก.ย.-70,ดู,,
MUST,GM215kWh-100kW-2hF,6 kW,1,220,ทุกขนาด,26-ก.ย.-67,26-ก.ย.-70,ดู,,
GOODWE,GT3-125-K1,30 kW,3,"220/380,230/400",ไม่เกิน 500 kW,26-ก.ย.-67,26-ก.ย.-70,ดู,,
GOODWE,GW100K-ET-G10,50 kW,3,380/400,ทุกขนาด,26-ก.ย.-67,26-ก.ย.-70,ดู,,
Hoymiles,GW10K-ES-C10,6 kW,1,220/230/240,ไม่เกิน 500 kW,26-ก.ย.-67,26-ก.ย.-70,ดู,,
HUAWEI,GW10K-ET-20,5 kW,3,220/380,ไม่เกิน 500 kW,26-ก.ย.-67,26-ก.ย.-70,ดู,,
solis,GW10K-ET-L-G10,20 kW,3,220/380,ไม่เกิน 500 kW,26-ก.ย.-67,26-ก.ย.-70,ดู,,
solis,GW10K-SDT-30,50 kW,3,"220/380,230/400",ไม่เกิน 500 kW,26-ก.ย.-67,26-ก.ย.-70,ดู,,
SolarEdge,GW125/261-ESA-LCN-G10,33.3 kW,3,380,ทุกขนาด,6-ก.ย.-67,6-ก.ย.-70,ดู,,
TMEIC,GW125/261-ESA-LCN-G11,756 kW,3,630,ทุกขนาด,6-ก.ย.-67,6-ก.ย.-70,ดู,,
INVT,GW125K-GT,5 kW,1,230,ไม่เกิน 500 kW,6-ก.ย.-67,6-ก.ย.-70,ดู,,
SMA,GW12K-ES-C10,110 kW,3,380/400/415,ทุกขนาด,6-ก.ย.-67,6-ก.ย.-70,ดู,,
APsystems,GW15K-ET-L-G10,2 kW,3,380/400,ทุกขนาด,6-ก.ย.-67,6-ก.ย.-70,ดู,,
HUAWEI,GW20K-ET-L-G10,15 kW,3,220/380,ทุกขนาด,6-ก.ย.-67,6-ก.ย.-70,ดู,,
Projoy Electric,GW30K-SDT-C30,3 kW,1,230,ไม่เกิน 500 kW,6-ก.ย.-67,6-ก.ย.-70,ดู,,
HUAWEI,GW320K-UT,20 kW,3,220/380,ทุกขนาด,6-ก.ย.-67,6-ก.ย.-70,ดู,,
HUAWEI,GW5000-ES-20,10 kW,1,220,ไม่เกิน 500 kW,6-ก.ย.-67,6-ก.ย.-70,ดู,,
GROWATT,GW5000-ES-C10,6 kW,1,230,ไม่เกิน 500 kW,20-พ.ย.-67,20-พ.ย.-70,ดู,,
CHISAGE ESS,GW50K-ET-10,14 kW,3,230/400,ไม่เกิน 500 kW,20-พ.ย.-67,20-พ.ย.-70,ดู,,
PSI,GW50K-SDT-C30,1.6 kW,1,220/230,ไม่เกิน 500 kW,20-พ.ย.-67,20-พ.ย.-70,ดู,,
Dynavolt,GW50K-SDT-C30,10 kW,3,380,ไม่เกิน 500 kW,20-พ.ย.-67,20-พ.ย.-70,ดู,,
SOLAX POWER,GW50KS-MT,6 kW,1,220/230/240,ไม่เกิน 500 kW,20-พ.ย.-67,20-พ.ย.-70,ดู,,
CHISAGE ESS,GW5K-DNS-G40,6 kW,1,220/230,ไม่เกิน 500 kW,20-พ.ย.-67,20-พ.ย.-70,ดู,,
BENY,GW6000-ES-C10,2.4 kW,1,230,ไม่เกิน 500 kW,20-พ.ย.-67,20-พ.ย.-70,ดู,,
PSI,H1-3.0-E-G2,3.3 kW,1,220/230,ไม่เกิน 500 kW,20-พ.ย.-67,20-พ.ย.-70,ดู,,
SINENG,H1-6.0-E-G2,5 kW,1,220,ไม่เกิน 500 kW,20-พ.ย.-67,20-พ.ย.-70,ดู,,
ISUNA,H2-10K-LS2,6 kW,1,220,ไม่เกิน 500 kW,4-พ.ย.-67,4-พ.ย.-70,ดู,,
INVT,H2-12K-LT2,10 kW,3,230/400,ทุกขนาด,4-พ.ย.-67,4-พ.ย.-70,ดู,,
Deye,H2-16K-LT2,50 kW,3,220/380,ทุกขนาด,4-พ.ย.-67,4-พ.ย.-70,ดู,,
INVT,H2-20K-LT2,6 kW,3,230/400,ทุกขนาด,4-พ.ย.-67,4-พ.ย.-70,ดู,,
Deye,H2-6K-LS2,30 kW,3,220/380,ทุกขนาด,4-พ.ย.-67,4-พ.ย.-70,ดู,,
MUST,H2-6K-LS2-S,10 kW,3,220/380,ทุกขนาด,4-พ.ย.-67,4-พ.ย.-70,ดู,,
Deye,H6LV,40 kW,3,220/380,ทุกขนาด,4-พ.ย.-67,4-พ.ย.-70,ดู,,
SUNGROW,H6LV,150 kW,3,"3/N/PE, 220/380, 230/400",ทุกขนาด,15-ต.ค.-67,15-ต.ค.-70,ดู,,
ENERGY LIB,HAH3P-15KB1/HU9,15 kW,3,220/380,ไม่เกิน 500 kW,15-ต.ค.-67,15-ต.ค.-70,ดู,,
ENERGY LIB,HAH3P-15KB1/HU9,6 kW,1,220,ไม่เกิน 500 kW,15-ต.ค.-67,15-ต.ค.-70,ดู,,
SOLAR ENERGY,HAH3P-6KB1/HU9,6 kW,1,230,ไม่เกิน 500 kW,15-ต.ค.-67,15-ต.ค.-70,ดู,,
ENERGY LIB,HAH3P-6KB1/HU9,15 kW,3,220/380,ไม่เกิน 500 kW,15-ต.ค.-67,15-ต.ค.-70,ดู,,
KEHUA TECH,HAS-5.0LV_EUG1,5 kW,1,230,ไม่เกิน 500 kW,15-ต.ค.-67,15-ต.ค.-70,ดู,,
ISUNA,HAS-5.0LV_EUG1,20 kW,3,220/380,ไม่เกิน 500 kW,26-ก.ย.-67,26-ก.ย.-70,ดู,,
Hoymiles,HAT-10.0HV_EUG1,1 kW,1,220/230/240,ไม่เกิน 500 kW,26-ก.ย.-67,26-ก.ย.-70,ดู,,
SRNE,HAT-10.0HV_EUG1,6 kW,1,230,ไม่เกิน 500 kW,8-ม.ค.-68,8-ม.ค.-71,ดู,,
Deye,HES-6000,50 kW,3,220/380,ทุกขนาด,8-ม.ค.-68,8-ม.ค.-71,ดู,,
Deye,HES-6000,5 kW,1,220/230,ไม่เกิน 500 kW,8-ม.ค.-68,8-ม.ค.-71,ดู,,
Deye,HESP48120S200-H,100 kW,3,220/380,ทุกขนาด,8-ม.ค.-68,8-ม.ค.-71,ดู,,
SmartGreen,HESP48120S200-H,13.8 kW,3,220/380,ไม่เกิน 500 kW,8-ม.ค.-68,8-ม.ค.-71,ดู,,
TMDA,HESP48120SH3,40 kW,3,230/400,ไม่เกิน 500 kW,8-ม.ค.-68,8-ม.ค.-71,ดู,,
TMEIC,HESP48200SH3,756 kW,3,630,ทุกขนาด,8-ม.ค.-68,8-ม.ค.-71,ดู,,
ESSCO,HESP48200SH3,10 kW,3,220/380,ทุกขนาด,8-ม.ค.-68,8-ม.ค.-71,ดู,,
FoxESS,HESP4860S100-H,6 kW,1,220/230/240,ไม่เกิน 500 kW,2-ธ.ค.-67,2-ธ.ค.-70,ดู,,
SmartGreen,HH1P-10KL-A,100 kW,3,220/380,ไม่เกิน 500 kW,2-ธ.ค.-67,2-ธ.ค.-70,ดู,,
KEHUA TECH,HH1P-5KL-A,10 kW,3,380,ไม่เกิน 500 kW,2-ธ.ค.-67,2-ธ.ค.-70,ดู,,
SVOLT,HiOne-10S-G3,5 kW,1,220/330,ไม่เกิน 500 kW,2-ธ.ค.-67,2-ธ.ค.-70,ดู,,
SmartGreen,HiOne-12T-G3,60 kW,3,220/380,ไม่เกิน 500 kW,20-พ.ย.-67,20-พ.ย.-70,ดู,,
SOLAX POWER,HiOne-20T-G3,5 kW,1,220/230/240,ไม่เกิน 500 kW,20-พ.ย.-67,20-พ.ย.-70,ดู,,
SOLAX POWER,HIS-5L-G3,30 kW,3,"220/380, 230/400",ไม่เกิน 500 kW,20-พ.ย.-67,20-พ.ย.-70,ดู,,
KEHUA TECH,HIS-6L-G3,"1,725 kW",3,690,ทุกขนาด,20-พ.ย.-67,20-พ.ย.-70,ดู,,
SOLAX POWER,HIT-10L-G3,20 kW,3,"220/380, 230/400",ไม่เกิน 500 kW,20-พ.ย.-67,20-พ.ย.-70,ดู,,
SOLAX POWER,HIT-10L-G3,15 kW,3,380/400,ไม่เกิน 500 kW,20-พ.ย.-67,20-พ.ย.-70,ดู,,
KSTAR,HIT-10L-G3S,60 kW,3,220/380,ทุกขนาด,20-พ.ย.-67,20-พ.ย.-70,ดู,,
SOLAX POWER,HIT-15L-G3,60 kW,3,220/380,ทุกขนาด,20-พ.ย.-67,20-พ.ย.-70,ดู,,
Deye,HIT-15L-G3,10 kW,1,220,ไม่เกิน 500 kW,20-พ.ย.-67,20-พ.ย.-70,ดู,,
Deye,HIT-15L-G3S,20 kW,3,220/380,ทุกขนาด,20-พ.ย.-67,20-พ.ย.-70,ดู,,
SmartGreen,HIT-20L-G3,5 kW,1,220/230,ไม่เกิน 500 kW,20-พ.ย.-67,20-พ.ย.-70,ดู,,
Sunways,HIT-20L-G3S,10 kW,1,220/230,ไม่เกิน 500 kW,20-พ.ย.-67,20-พ.ย.-70,ดู,,
SolarEdge,HIT-6L-G3,100 kW,3,220/380,ทุกขนาด,20-ก.พ.-68,20-ก.พ.-71,ดู,,
SolarEdge,HI-TP10.0K-HV,30 kW,3,400,ทุกขนาด,20-ก.พ.-68,20-ก.พ.-71,ดู,,
AUXSOL,HMS-1000W-2T,5 kW,1,220/230/240,ไม่เกิน 500 kW,20-ก.พ.-68,20-ก.พ.-71,ดู,,
ENERGY LIB,HMS-2000-4T,10 kW,3,380,ไม่เกิน 500 kW,20-ก.พ.-68,20-ก.พ.-71,ดู,,
ENERGY LIB,HMS-2000D-4T,15 kW,3,380,ไม่เกิน 500 kW,20-ก.พ.-68,20-ก.พ.-71,ดู,,
Alpha ESS,HMT-2000-4T,20 kW,3,220/380 or 230/400,ไม่เกิน 500 kW,20-ก.พ.-68,20-ก.พ.-71,ดู,,
Deye,HNS10000TL,10 kW,3,220/380,ไม่เกิน 500 kW,6-ก.พ.-68,6-ก.พ.-71,ดู,,
Deye,HNS10000TL,1.6 kW,1,220/230,ไม่เกิน 500 kW,6-ก.พ.-68,6-ก.พ.-71,ดู,,
Deye,HNS3000TL,8 kW,1,220/230,ไม่เกิน 500 kW,6-ก.พ.-68,6-ก.พ.-71,ดู,,
Deye,HNS5000TL,15 kW,3,220/380,ทุกขนาด,6-ก.พ.-68,6-ก.พ.-71,ดู,,
Zonergy,HNS5000TL,15 kW,3,400,ทุกขนาด,6-ก.พ.-68,6-ก.พ.-71,ดู,,
CRRC,HP1-12KS2,352 kW,3,800,ทุกขนาด,6-ก.พ.-68,6-ก.พ.-71,ดู,,
Enphase,HP1-6KS2,0.366 kW,1,220,ไม่เกิน 500 kW,6-ก.พ.-68,6-ก.พ.-71,ดู,,
SOFAR,HP3-30KT2,3.3 kW,1,220,ไม่เกิน 500 kW,6-ก.พ.-68,6-ก.พ.-71,ดู,,
SOFAR,HPCS125,1.6 kW,1,220,ไม่เกิน 500 kW,6-ก.พ.-68,6-ก.พ.-71,ดู,,
Deye,HPK-3000,2.25 kW,1,220/230,ไม่เกิน 500 kW,6-ก.พ.-68,6-ก.พ.-71,ดู,,
Deye,HPK-3000,2 kW,1,220/230,ไม่เกิน 500 kW,6-ก.พ.-68,6-ก.พ.-71,ดู,,
Deye,HPS 120,5 kW,3,"220/380, 230/400",ไม่เกิน 500 kW,6-ก.พ.-68,6-ก.พ.-71,ดู,,
APsystems,HPS 150,2.2 kW,1,220/230,ทุกขนาด,6-ก.พ.-68,6-ก.พ.-71,ดู,,
CRRC,HPS100,110 kW,3,230/400,ทุกขนาด,24-ม.ค.-68,24-ม.ค.-71,ดู,,
Sunways,HPS-10000P,110 kW,3,230/400,ทุกขนาด,24-ม.ค.-68,24-ม.ค.-71,ดู,,
Deye,HPS30,16 kW,1,220/230,ไม่เกิน 500 kW,8-ม.ค.-68,8-ม.ค.-71,ดู,,
Deye,HPS50,20 kW,3,220/380,ทุกขนาด,8-ม.ค.-68,8-ม.ค.-71,ดู,,
GOODWE,HPS-5000P,10 kW,3,"220/380, 230/400",ไม่เกิน 500 kW,8-ม.ค.-68,8-ม.ค.-71,ดู,,
SAJ,HPT-10000P,2.25 kW,1,220/230,ไม่เกิน 500 kW,31-มี.ค.-68,31-มี.ค.-71,ดู,,
SOLAX POWER,HS1P-10K-T(C01),120 kW,3,220/380,ทุกขนาด,31-มี.ค.-68,31-มี.ค.-71,ดู,,
SOLAX POWER,HS3-12K-T2-W-P,100 kW,3,380/400,ทุกขนาด,31-มี.ค.-68,31-มี.ค.-71,ดู,,
DELTA,HS3-6K-S2-W-P,100 kW,3,380/400/440/480,ทุกขนาด,31-มี.ค.-68,31-มี.ค.-71,ดู,,
GROWATT,HS3P-20KA,60 kW,3,230/400,ทุกขนาด,31-มี.ค.-68,31-มี.ค.-71,ดู,,
FoxESS,HS3P-20KA,125 kW,3,400,ทุกขนาด,31-มี.ค.-68,31-มี.ค.-71,ดู,,
GROWATT,HS3P-30KA,80 kW,3,230/400,ทุกขนาด,31-มี.ค.-68,31-มี.ค.-71,ดู,,
Deye,HS3P-30KA,6 kW,1,220,ไม่เกิน 500 kW,7-มี.ค.-68,7-มี.ค.-71,ดู,,
SUNGROW,HS3P-50KA,500 kW,3,315,ทุกขนาด,7-มี.ค.-68,7-มี.ค.-71,ดู,,
Deye,HS3P-50KA,5 kW,1,220,ไม่เกิน 500 kW,7-มี.ค.-68,7-มี.ค.-71,ดู,,
AUXSOL,HSHV385K-G01,10 kW,3,400,ไม่เกิน 500 kW,7-มี.ค.-68,7-มี.ค.-71,ดู,,
Sigenergy,HSNV110K-G01,110 kW,3,380/400,ทุกขนาด,7-มี.ค.-68,7-มี.ค.-71,ดู,,
Star Charge,HSNV60K-G01,100 kW,3,220/380,ทุกขนาด,7-มี.ค.-68,7-มี.ค.-71,ดู,,
SUNGROW,HVS-HYB-5K1P,36 kW,3,220/380,ทุกขนาด,7-มี.ค.-68,7-มี.ค.-71,ดู,,
GROWATT,Hybrid N1-LV-5k,5 kW,3,230/400,ไม่เกิน 500 kW,7-มี.ค.-68,7-มี.ค.-71,ดู,,
ATMOCE,Hybrid N1-LV-5k,0.5 kW,1,220/230,ไม่เกิน 500 kW,7-มี.ค.-68,7-มี.ค.-71,ดู,,
Hoymiles,HYD 10KTL-3PH,5 kW,3,220/380,ทุกขนาด,7-มี.ค.-68,7-มี.ค.-71,ดู,,
SolarEdge,HYD 20KTL-3PH,90 kW,3,220/380,ทุกขนาด,7-มี.ค.-68,7-มี.ค.-71,ดู,,
SolarEdge,HYD-10K-LT1,120 kW,3,480,ทุกขนาด,7-มี.ค.-68,7-มี.ค.-71,ดู,,
Deye,HYD-15K-LT1,10 kW,3,220/380,ไม่เกิน 500 kW,20-ก.พ.-68,20-ก.พ.-71,ดู,,
TSUN,HYD-15K-LT1,2 kW,1,220/230/240,ไม่เกิน 500 kW,20-ก.พ.-68,20-ก.พ.-71,ดู,,
HYXiPOWER,HYD-20K-LT1,2 kW,1,220/230,ทุกขนาด,20-ก.พ.-68,20-ก.พ.-71,ดู,,
ENERGY LIB,HYD-20K-LT1,8 kW,1,220,ไม่เกิน 500 kW,20-ก.พ.-68,20-ก.พ.-71,ดู,,
HUAWEI,HYD-30K-T1-PLUS,15 kW,3,220/380,ไม่เกิน 500 kW,20-ก.พ.-68,20-ก.พ.-71,ดู,,
SINENG,HYD-50K-T1,320 kW,3,800,ทุกขนาด,25-เม.ย.-68,25-เม.ย.-71,ดู,,
KEHUA TECH,HYD-5K-LS1-PRO,50 kW,3,400,ไม่เกิน 500 kW,25-เม.ย.-68,25-เม.ย.-71,ดู,,
CanadianSolar,HYD-5K-LS1-PRO,60 kW,3,220 / 380,ทุกขนาด,25-เม.ย.-68,25-เม.ย.-71,ดู,,
CanadianSolar,HYD-5K-LT1,120 kW,3,220/380,ทุกขนาด,25-เม.ย.-68,25-เม.ย.-71,ดู,,
In-Power,HYPER-5000,100 kW,3,380/220,ทุกขนาด,25-เม.ย.-68,25-เม.ย.-71,ดู,,
Sigenergy,HYS-10LV_EUG2,25 kW,3,380 / 400,ทุกขนาด,25-เม.ย.-68,25-เม.ย.-71,ดู,,
APsystems,HYS-10LV_EUG2,2 kW,1,220/230,ทุกขนาด,25-เม.ย.-68,25-เม.ย.-71,ดู,,
solis,HYS-6.0LV-EUG1,5 kW,3,"220/380, 230/400",ไม่เกิน 500 kW,25-เม.ย.-68,25-เม.ย.-71,ดู,,
solis,HYT-12.0HV-EUG1,10 kW,3,"220/380, 230/400",ไม่เกิน 500 kW,25-เม.ย.-68,25-เม.ย.-71,ดู,,
TMDA,HYX-H10K-HT,6 kW,3,400,ไม่เกิน 500 kW,25-เม.ย.-68,25-เม.ย.-71,ดู,,
Auris,HYX-H12K-HT,4.5 kW,1,220,ไม่เกิน 500 kW,4-เม.ย.-68,4-เม.ย.-71,ดู,,
LESSO,HYX-H12K-HT,20 kW,3,380,ไม่เกิน 500 kW,4-เม.ย.-68,4-เม.ย.-71,ดู,,
Auris,HYX-H25K-HT,0.625 kW,3,220,ไม่เกิน 500 kW,4-เม.ย.-68,4-เม.ย.-71,ดู,,
Deye,HYX-H5K-HS,10 kW,1,220,ไม่เกิน 500 kW,4-เม.ย.-68,4-เม.ย.-71,ดู,,
Auris,HYX-H6K-HT,0.625 kW,1,220,ไม่เกิน 500 kW,4-เม.ย.-68,4-เม.ย.-71,ดู,,
ENERGY LIB,HYX-H8K-HS,2.5 kW,1,220/230/240,ไม่เกิน 500 kW,4-เม.ย.-68,4-เม.ย.-71,ดู,,
LANGFANG IN-POWER ELECTRIC,HYX-H8K-HS,100 kW,3,400,ทุกขนาด,4-เม.ย.-68,4-เม.ย.-71,ดู,,
GROWATT,HYX-M2000-S,10 kW,3,380,ไม่เกิน 500 kW,4-เม.ย.-68,4-เม.ย.-71,ดู,,
Deye,HYX-S10K-T,5 kW,1,220,ไม่เกิน 500 kW,4-เม.ย.-68,4-เม.ย.-71,ดู,,
Deye,HYX-S125K-T2,3.6 kW,1,220,ไม่เกิน 500 kW,4-เม.ย.-68,4-เม.ย.-71,ดู,,
SAJ,HYX-S125K-T2,50 kW,3,220/230/380/400,ไม่เกิน 500 kW,4-เม.ย.-68,4-เม.ย.-71,ดู,,
TMDA,HYX-S125K-T2,15 kW,3,400,ไม่เกิน 500 kW,4-เม.ย.-68,4-เม.ย.-71,ดู,,
Auris,HYX-S30K-T,4.5 kW,3,220/380,ไม่เกิน 500 kW,4-เม.ย.-68,4-เม.ย.-71,ดู,,
SUNGROW,HYX-S50K-T,50 kW,3,220/380,ไม่เกิน 500 kW,31-มี.ค.-68,31-มี.ค.-71,ดู,,
ATMOCE,HYX-S50K-T,4.5 kW,3,220/380,ไม่เกิน 500 kW,28-พ.ค.-68,28-พ.ค.-71,ดู,,
GOODWE,HYX-S5K-S,12 kW,1,220/230/240,ไม่เกิน 500 kW,28-พ.ค.-68,28-พ.ค.-71,ดู,,
solis,HYX-S5K-S,10 kW,3,"220/380, 230/400",ทุกขนาด,28-พ.ค.-68,28-พ.ค.-71,ดู,,
Mars Rock,IESP600SH3,2 kW,1,230,ไม่เกิน 500 kW,28-พ.ค.-68,28-พ.ค.-71,ดู,,
solis,IESP600SH3,20 kW,3,"220 V/380 V, 230 V/400",ทุกขนาด,8-พ.ค.-68,8-พ.ค.-71,ดู,,
TMDA,iMARS XD6KTL,5 kW,1,230,ไม่เกิน 500 kW,8-พ.ค.-68,8-พ.ค.-71,ดู,,
SAJ,iMars XG10KTR-S,6 kW,1,220/230,ไม่เกิน 500 kW,8-พ.ค.-68,8-พ.ค.-71,ดู,,
PSI,iMars XG3KTL-S,5 kW,1,230,ไม่เกิน 500 kW,8-พ.ค.-68,8-พ.ค.-71,ดู,,
GOODWE,iMars XG5KTL,10 kW,1,220/230/240,ไม่เกิน 500 kW,8-พ.ค.-68,8-พ.ค.-71,ดู,,
SAJ,iMars XG6KTR-S,50 kW,3,220/230/380/400,ทุกขนาด,8-พ.ค.-68,8-พ.ค.-71,ดู,,
TMDA,INPPCS-100/0.4-W-24-C1-OS,30 kW,3,400,ไม่เกิน 500 kW,8-พ.ค.-68,8-พ.ค.-71,ดู,,
TMDA,INPPCS-100/0.4-W-C1-OS,20 kW,3,400,ไม่เกิน 500 kW,8-พ.ค.-68,8-พ.ค.-71,ดู,,
SOLAR ENERGY,INPPCS-125/0.4-W-14-A2-OS,20 kW,3,380,ไม่เกิน 500 kW,8-พ.ค.-68,8-พ.ค.-71,ดู,,
Sigenergy,IQ7A-72-2-INT,5 kW,1,220/230/240,ไม่เกิน 500 kW,8-พ.ค.-68,8-พ.ค.-71,ดู,,
TSUN,IQ8P-72-2-INT,2.25 kW,1,220/230/240,ไม่เกิน 500 kW,8-พ.ค.-68,8-พ.ค.-71,ดู,,
Zonergy,iStoragE3 10k,15 kW,3,400,ไม่เกิน 500 kW,8-พ.ค.-68,8-พ.ค.-71,ดู,,
DAH Solar,Isuna 20000T,1.5 kW,1,230,ไม่เกิน 500 kW,8-พ.ค.-68,8-พ.ค.-71,ดู,,
HUAWEI,ISUNA 6000S,108 kW,3,220/380,ทุกขนาด,8-พ.ค.-68,8-พ.ค.-71,ดู,,
SUNGROW,IVGM10KLP3G2,210 kW,3,690,ทุกขนาด,8-พ.ค.-68,8-พ.ค.-71,ดู,,
KSTAR,IVGM20KLP3G1,50 kW,3,230/400,ทุกขนาด,8-พ.ค.-68,8-พ.ค.-71,ดู,,
KSTAR,IVGM8KLP1G1,5 kW,1,230,ไม่เกิน 500 kW,8-พ.ค.-68,8-พ.ค.-71,ดู,,
Sigenergy,Jup-6G2-LE,10 kW,1,220/230,ไม่เกิน 500 kW,8-พ.ค.-68,8-พ.ค.-71,ดู,,
SAJ,KAC50DP,10 kW,1,220/230,ไม่เกิน 500 kW,8-พ.ค.-68,8-พ.ค.-71,ดู,,
TMDA,KAC50DP2,10 kW,3,400,ไม่เกิน 500 kW,25-เม.ย.-68,25-เม.ย.-71,ดู,,
SUNGROW,L1000C-AC-125-261-G,5 kW,1,220/230/240,ไม่เกิน 500 kW,16-ก.ค.-68,16-ก.ค.-71,ดู,,
GROWATT,LANPWR 20000T,40 kW,3,380,ทุกขนาด,16-ก.ค.-68,16-ก.ค.-71,ดู,,
SUNGROW,LIB108RH,10 kW,1,220/230/240,ไม่เกิน 500 kW,7-ก.ค.-68,7-ก.ค.-71,ดู,,
HUAWEI,LIB125MI,200 kW,3,800,ทุกขนาด,7-ก.ค.-68,7-ก.ค.-71,ดู,,
Sigenergy,LIB310RG,50 kW,3,220/380,ทุกขนาด,7-ก.ค.-68,7-ก.ค.-71,ดู,,
Eonland,LIB315RH,0.8 kW,1,220,ไม่เกิน 500 kW,7-ก.ค.-68,7-ก.ค.-71,ดู,,
HUAWEI,LIB-ROIP1L-1P6,213 kW,3,800,ทุกขนาด,7-ก.ค.-68,7-ก.ค.-71,ดู,,
SAJ,LIB-ROIP1L-3P15,6 kW,1,220/230,ไม่เกิน 500 kW,7-ก.ค.-68,7-ก.ค.-71,ดู,,
Eonland,LSBH20KTL3-OC1,0.8 kW,1,230,ไม่เกิน 500 kW,7-ก.ค.-68,7-ก.ค.-71,ดู,,
CLEANLINE,LUNA2000-200KTL-H1,5 kW,1,220/230/240,ไม่เกิน 500 kW,7-ก.ค.-68,7-ก.ค.-71,ดู,,
SOLTA,LUNA2000-213KTL-H0,5.5 kW,1,230,ไม่เกิน 500 kW,7-ก.ค.-68,7-ก.ค.-71,ดู,,
Sigenergy,M100A_280,5 kW,1,220V/230V/240,ไม่เกิน 500 kW,7-ก.ค.-68,7-ก.ค.-71,ดู,,
KEHUA TECH,M2-2.25K-S4,100 kW,3,380/400,ทุกขนาด,7-ก.ค.-68,7-ก.ค.-71,ดู,,
LIVOLTEK,M2HT-50K-150,30 kW,3,380/400/415,ไม่เกิน 500 kW,17-มิ.ย.-68,17-มิ.ย.-71,ดู,,
HYXiPOWER,M50A_260,5 kW,1,220/230/240,ไม่เกิน 500 kW,17-มิ.ย.-68,17-มิ.ย.-71,ดู,,
HYXiPOWER,Mars 50k,10 kW,3,220/380,ไม่เกิน 500 kW,17-มิ.ย.-68,17-มิ.ย.-71,ดู,,
LIVOLTEK,Mars-125KT,5 kW,1,220/230,ไม่เกิน 500 kW,17-มิ.ย.-68,17-มิ.ย.-71,ดู,,
Sigenergy,Mars-125KT-F,10 kW,3,"220/380, 230/400",ไม่เกิน 500 kW,17-มิ.ย.-68,17-มิ.ย.-71,ดู,,
CanadianSolar,Mars-14G2-LE,120 kW,3,220/380,ทุกขนาด,17-มิ.ย.-68,17-มิ.ย.-71,ดู,,
AUXSOL,MAX 125KTL3-X LV,50 kW,3,"220/380, 230/400",ทุกขนาด,17-มิ.ย.-68,17-มิ.ย.-71,ดู,,
AUXSOL,MAX 125KTL3-X LV,40 kW,3,"220/380,230/400",ทุกขนาด,17-มิ.ย.-68,17-มิ.ย.-71,ดู,,
AUXSOL,MAX60K TL3LV,20 kW,3,380/400,ไม่เกิน 500 kW,17-มิ.ย.-68,17-มิ.ย.-71,ดู,,
LIVOLTEK,MAX60KTL3LV,125 kW,3,380/400/415,ไม่เกิน 500 kW,17-มิ.ย.-68,17-มิ.ย.-71,ดู,,
ATMOCE,MAX80KTL3LV,4.5 kW,1,220,ไม่เกิน 500 kW,28-พ.ค.-68,28-พ.ค.-71,ดู,,
TCL,MEGA0250TS,12 kW,3,220/380,ไม่เกิน 500 kW,19-ส.ค.-68,19-ส.ค.-71,ดู,,
Hoymiles,MEI2-HS5H-AIO,4.774 kW,1,220/230/240,ไม่เกิน 500 kW,5-ส.ค.-68,5-ส.ค.-71,ดู,,
Sunways,MEI2-HS5H-AIO,5 kW,1,220/230,ไม่เกิน 500 kW,5-ส.ค.-68,5-ส.ค.-71,ดู,,
Afore,MEI2-HS5L,6 kW,1,220/230,ไม่เกิน 500 kW,5-ส.ค.-68,5-ส.ค.-71,ดู,,
Hoymiles,MEI2-HS6L,15 kW,3,"220/230/240, 380/400/420",ทุกขนาด,5-ส.ค.-68,5-ส.ค.-71,ดู,,
Sigenergy,MEI2-HS8H-AIO,10 kW,3,220/380,ไม่เกิน 500 kW,5-ส.ค.-68,5-ส.ค.-71,ดู,,
Zonergy,MEI2-HS8H-AIO,10 kW,3,400,ไม่เกิน 500 kW,5-ส.ค.-68,5-ส.ค.-71,ดู,,
TBEA,MEI2-HT10H-AIO,100 kW,3,"220 / 380, 230 / 400, 240 / 415",ทุกขนาด,5-ส.ค.-68,5-ส.ค.-71,ดู,,
SINENG,MEI2-HT15H,121 kW,3,400,ไม่เกิน 500 kW,5-ส.ค.-68,5-ส.ค.-71,ดู,,
TMDA,MEI2-HT15H,50 kW,3,230/400,ไม่เกิน 500 kW,5-ส.ค.-68,5-ส.ค.-71,ดู,,
Deye,MEI2-HT15H,80 kW,3,220/380,ทุกขนาด,5-ส.ค.-68,5-ส.ค.-71,ดู,,
TNK,MEI2-HT15H-AIO,5 kW,1,220/230/240,ไม่เกิน 500 kW,5-ส.ค.-68,5-ส.ค.-71,ดู,,
PSI,MEI2-HT20H,10 kW,3,"220/380,230/400",ไม่เกิน 500 kW,5-ส.ค.-68,5-ส.ค.-71,ดู,,
Hoymiles,MEI2-HT20H,10 kW,3,"220/230/240,380/400/420",ทุกขนาด,16-ก.ค.-68,16-ก.ค.-71,ดู,,
eCactus,MEI2-HT20H,6 kW,1,220 / 230 / 240,ไม่เกิน 500 kW,16-ก.ค.-68,16-ก.ค.-71,ดู,,
Hoymiles,MEI2-HT30H,10 kW,3,220/230/240,ไม่เกิน 500 kW,16-ก.ค.-68,16-ก.ค.-71,ดู,,
Hoymiles,MEI2-HT30H,10 kW,1,220/230/240,ไม่เกิน 500 kW,16-ก.ค.-68,16-ก.ค.-71,ดู,,
AUXSOL,MEI2-HT30H,110 kW,3,220/380,ทุกขนาด,16-ก.ค.-68,16-ก.ค.-71,ดู,,
SAJ,Mercury 5000-S1,100 kW,3,220/380,ไม่เกิน 500 kW,16-ก.ค.-68,16-ก.ค.-71,ดู,,
AUXSOL,MG10RL,6 kW,3,"220/380, 230/400",ไม่เกิน 500 kW,16-ก.ค.-68,16-ก.ค.-71,ดู,,
AUXSOL,MG5RL,20 kW,3,"220/380, 230/400",ไม่เกิน 500 kW,16-ก.ค.-68,16-ก.ค.-71,ดู,,
AUXSOL,MI-1000-2M0,30 kW,3,"220/380, 230/400",ไม่เกิน 500 kW,16-ก.ค.-68,16-ก.ค.-71,ดู,,
Deye,MI-1250-2M,3 kW,1,220/230,ไม่เกิน 500 kW,16-ก.ค.-68,16-ก.ค.-71,ดู,,
Deye,MI2S-2500Q,120 kW,3,"220/380, 230/400",ทุกขนาด,16-ก.ค.-68,16-ก.ค.-71,ดู,,
GROWATT,MI2S-800D,125 kW,3,230/400,ทุกขนาด,2-ก.ย.-68,2-ก.ย.-71,ดู,,
HYXiPOWER,MI-500,12 kW,3,380/400,ไม่เกิน 500 kW,2-ก.ย.-68,2-ก.ย.-71,ดู,,
HYXiPOWER,MI-625 (with external protection relay model: MC100L),50 kW,3,380/400,ทุกขนาด,2-ก.ย.-68,2-ก.ย.-71,ดู,,
SUNGROW,MI-625 (with external protection relay model: MR100-T),125 kW,3,"220/380V, 230/400V",ทุกขนาด,2-ก.ย.-68,2-ก.ย.-71,ดู,,
SOLAX POWER,MID 40KTL3-X,100 kW,3,220/380,ทุกขนาด,2-ก.ย.-68,2-ก.ย.-71,ดู,,
FoxESS,MID20KTL3-X,2.4 kW,1,220/230,ไม่เกิน 500 kW,2-ก.ย.-68,2-ก.ย.-71,ดู,,
FoxESS,MIN5000TL-X,30 kW,3,"415/240, 400/230, 380/220",ไม่เกิน 500 kW,2-ก.ย.-68,2-ก.ย.-71,ดู,,
HYXiPOWER,MIT-5000-8T,5 kW,1,220/230,ไม่เกิน 500 kW,2-ก.ย.-68,2-ก.ย.-71,ดู,,
Zonergy,MOD 10KTL3-X,10 kW,3,380,ไม่เกิน 500 kW,2-ก.ย.-68,2-ก.ย.-71,ดู,,
FoxESS,MOD 5000TL3-X2 (Pro),6 kW,1,220/230/240,ไม่เกิน 500 kW,2-ก.ย.-68,2-ก.ย.-71,ดู,,
Afore,model,10 kW,1,220/230/240,ไม่เกิน 500 kW,2-ก.ย.-68,2-ก.ย.-71,ดู,,
HYXiPOWER,Monet-100,125 kW,3,"220/230 , 380/400",ทุกขนาด,2-ก.ย.-68,2-ก.ย.-71,ดู,,
Sigenergy,Monet-125AC,50 kW,3,380V/400V,ทุกขนาด,2-ก.ย.-68,2-ก.ย.-71,ดู,,
elecod,Monet-125AC,125 kW,3,220/380,ไม่เกิน 500 kW,2-ก.ย.-68,2-ก.ย.-71,ดู,,
Sigenergy,Monet-125AC(IP65),125 kW,3,380/400,ทุกขนาด,2-ก.ย.-68,2-ก.ย.-71,ดู,,
HYXiPOWER,Monet-125AC(IP65),8 kW,1,220/230,ไม่เกิน 500 kW,2-ก.ย.-68,2-ก.ย.-71,ดู,,
elecod,MS-16K-U (Single Phase),125 kW,3,220/380,ทุกขนาด,2-ก.ย.-68,2-ก.ย.-71,ดู,,
Sigenergy,MS-16K-U (Single Phase),125 kW,3,380/400,ทุกขนาด,2-ก.ย.-68,2-ก.ย.-71,ดู,,
TCL,MS-16K-U (Three Phase),5 kW,1,220/230,ไม่เกิน 500 kW,2-ก.ย.-68,2-ก.ย.-71,ดู,,
SRNE,MS-7K-U (Single Phase),12 kW,1,230,ไม่เกิน 500 kW,2-ก.ย.-68,2-ก.ย.-71,ดู,,
Afore,MS-7K-U (Single-phase),5 kW,1,220/230/240,ไม่เกิน 500 kW,2-ก.ย.-68,2-ก.ย.-71,ดู,,
PSI,MS-7K-U (Three-phase),10 kW,1,220V/230,ไม่เกิน 500 kW,19-ส.ค.-68,19-ส.ค.-71,ดู,,
HYPONTECH,MS-7K-U-(Three-Phase),6 kW,1,220/230,ไม่เกิน 500 kW,19-ส.ค.-68,19-ส.ค.-71,ดู,,
TCL,MST-BIE5-2500,12 kW,3,220/380,ไม่เกิน 500 kW,19-ส.ค.-68,19-ส.ค.-71,ดู,,
HUAWEI,MTP-4110x,3 kW,1,220,ไม่เกิน 500 kW,17-ก.ย.-68,17-ก.ย.-71,ดู,,
HUAWEI,MTP-4110x,5 kW,1,220,ไม่เกิน 500 kW,17-ก.ย.-68,17-ก.ย.-71,ดู,,
KEHUA TECH,N1-LV-8K,320 kW,3,800,ทุกขนาด,17-ก.ย.-68,17-ก.ย.-71,ดู,,
SUNGROW,NAC5K-DS,125 kW,3,230/400,ทุกขนาด,17-ก.ย.-68,17-ก.ย.-71,ดู,,
SUNGROW,NAC5K-DS,50 kW,3,230/400,ทุกขนาด,17-ก.ย.-68,17-ก.ย.-71,ดู,,
HYXiPOWER,NEO 2500M-X2,6 kW,3,220/380,ทุกขนาด,17-ก.ย.-68,17-ก.ย.-71,ดู,,
Hoymiles,P100,20 kW,3,"220/230/240, 380/400/420",ทุกขนาด,11-ก.ย.-68,11-ก.ย.-71,ดู,,
SUNGROW,P100,5 kW,1,220/230/240,ไม่เกิน 500 kW,11-ก.ย.-68,11-ก.ย.-71,ดู,,
solis,P100,150 kW,3,"220 / 380, 230 / 400",ทุกขนาด,11-ก.ย.-68,11-ก.ย.-71,ดู,,
FoxESS,P100-3,100 kW,3,380,ทุกขนาด,11-ก.ย.-68,11-ก.ย.-71,ดู,,
LANPWR,P100-3V1,50 kW,3,380/400,ไม่เกิน 500 kW,11-ก.ย.-68,11-ก.ย.-71,ดู,,
SAJ,P100-3V1,12 kW,3,"220/380, 230/400",ไม่เกิน 500 kW,11-ก.ย.-68,11-ก.ย.-71,ดู,,
LANPWR,P100-6-H,20 kW,3,"230/400 , 220/380",ไม่เกิน 500 kW,11-ก.ย.-68,11-ก.ย.-71,ดู,,
SUNGROW,P100-6-H,10 kW,3,220/230/240,ไม่เกิน 500 kW,11-ก.ย.-68,11-ก.ย.-71,ดู,,
SOLAX POWER,P16V1,12 kW,1,230,ไม่เกิน 500 kW,11-ก.ย.-68,11-ก.ย.-71,ดู,,
SUNGROW,P250,25 kW,3,220/230/240,ไม่เกิน 500 kW,11-ก.ย.-68,11-ก.ย.-71,ดู,,
SOLAX POWER,P3-10.0-SH,2 kW,1,220/230/240,ไม่เกิน 500 kW,11-ก.ย.-68,11-ก.ย.-71,ดู,,
GOODWE,P3-100-Plus,5 kW,1,220/230,ไม่เกิน 500 kW,11-ก.ย.-68,11-ก.ย.-71,ดู,,
SOLAX POWER,P3-125-Plus,2.4 kW,1,220/230/240,ไม่เกิน 500 kW,11-ก.ย.-68,11-ก.ย.-71,ดู,,
GOODWE,P3-15.0-SH,6 kW,1,220/230/240,ไม่เกิน 500 kW,11-ก.ย.-68,11-ก.ย.-71,ดู,,
SAJ,P33,10 kW,3,220/380,ไม่เกิน 500 kW,11-ก.ย.-68,11-ก.ย.-71,ดู,,
SRNE,P33V1,12 kW,3,230/400,ไม่เกิน 500 kW,11-ก.ย.-68,11-ก.ย.-71,ดู,,
SAJ,P3-60-Plus,5 kW,3,220/380,ไม่เกิน 500 kW,11-ก.ย.-68,11-ก.ย.-71,ดู,,
HYXiPOWER,P3-Pro-30.0,125 kW,3,"220/230 , 380/400",ทุกขนาด,2-ก.ย.-68,2-ก.ย.-71,ดู,,
solis,P50,60 kW,3,"220/380, 230/400",ทุกขนาด,3-พ.ย.-68,3-พ.ย.-71,ดู,,
solis,P500,40 kW,3,"220/380, 230/400",ทุกขนาด,3-พ.ย.-68,3-พ.ย.-71,ดู,,
ENJOY,P50-3,105 kW,3,380,ทุกขนาด,3-พ.ย.-68,3-พ.ย.-71,ดู,,
solis,P50V1,10 kW,3,"220/380, 230/400",ทุกขนาด,3-พ.ย.-68,3-พ.ย.-71,ดู,,
GROWATT,PCS 1000 HV,2.5 kW,1,220/230,ไม่เกิน 500 kW,3-พ.ย.-68,3-พ.ย.-71,ดู,,
SOFAR SOLAR,PCS 250,20 kW,3,380/400,ทุกขนาด,3-พ.ย.-68,3-พ.ย.-71,ดู,,
solis,PCS 500,20 kW,3,"220/380, 230/400",ทุกขนาด,3-พ.ย.-68,3-พ.ย.-71,ดู,,
SOFAR SOLAR,PCS050,10 kW,3,380/400,ทุกขนาด,3-พ.ย.-68,3-พ.ย.-71,ดู,,
HYPONTECH,PCS050,5 kW,1,220/230,ไม่เกิน 500 kW,3-พ.ย.-68,3-พ.ย.-71,ดู,,
HYPONTECH,PCS050,10 kW,3,230/400,ไม่เกิน 500 kW,3-พ.ย.-68,3-พ.ย.-71,ดู,,
AUXSOL,PCS100HV,6 kW,1,220/230,ไม่เกิน 500 kW,7-ต.ค.-68,7-ต.ค.-71,ดู,,
CLEANLINE,PCS-125KG1,30 kW,3,380/400/415,ไม่เกิน 500 kW,7-ต.ค.-68,7-ต.ค.-71,ดู,,
HYXiPOWER,PCS2000-108K-MB1,25 kW,3,220/380,ไม่เกิน 500 kW,7-ต.ค.-68,7-ต.ค.-71,ดู,,
HUAWEI,PCS-9567-1575,5 kW,1,220/230/240,ไม่เกิน 500 kW,7-ต.ค.-68,7-ต.ค.-71,ดู,,
SMA,PCS-9567-1750,50 kW,3,220/380,ทุกขนาด,7-ต.ค.-68,7-ต.ค.-71,ดู,,
AUXSOL,PH11-10KL3-EU,10 kW,3,"220/380,230/400",ไม่เกิน 500 kW,7-ต.ค.-68,7-ต.ค.-71,ดู,,
Deye,PH11-6048PRO,100 kW,3,"220/380,230/400",ทุกขนาด,7-ต.ค.-68,7-ต.ค.-71,ดู,,
AUXSOL,PSOL-MS3000H,8 kW,1,220/230,ไม่เกิน 500 kW,7-ต.ค.-68,7-ต.ค.-71,ดู,,
CLEANLINE,PVU-L0840ERQ-2,60 kW,3,380/400/415,ไม่เกิน 500 kW,29-ก.ย.-68,29-ก.ย.-71,ดู,,
HYXiPOWER,PWS1-135M-EX,30 kW,3,380/400,ทุกขนาด,29-ก.ย.-68,29-ก.ย.-71,ดู,,
DELTA,Q1-2400-E,100 kW,3,230/400,ทุกขนาด,29-ก.ย.-68,29-ก.ย.-71,ดู,,
SOLAX POWER,Q1-2400-E,1.2 kW,1,220/230/240,ไม่เกิน 500 kW,29-ก.ย.-68,29-ก.ย.-71,ดู,,
HUAWEI,QS2,36 kW,3,400,ทุกขนาด,29-ก.ย.-68,29-ก.ย.-71,ดู,,
Megarevo,QT2,6 kW,1,230,ไม่เกิน 500 kW,29-ก.ย.-68,29-ก.ย.-71,ดู,,
Hoymiles,R100-G2,5 kW,1,L/N/PE 220/230/240,ไม่เกิน 500 kW,4-ธ.ค.-68,4-ธ.ค.-71,ดู,,
GOODWE,R125-G2,5 kW,1,220/230/240,ไม่เกิน 500 kW,4-ธ.ค.-68,4-ธ.ค.-71,ดู,,
DEYE,R3-10K-DT,40 kW,3,"220/380,230/400",ทุกขนาด,4-ธ.ค.-68,4-ธ.ค.-71,ดู,,
solis,R3-10K-DT,350 kW,3,"3/PE, 800",ทุกขนาด,4-ธ.ค.-68,4-ธ.ค.-71,ดู,,
Sungrow,R6-10K-T2,20 kW,3,3/N/PE AC 230/400V,ไม่เกิน 500 kW,4-ธ.ค.-68,4-ธ.ค.-71,ดู,,
Sungrow,R6-50K-T4-32,5 kW,1,220V/230V/240V,ไม่เกิน 500 kW,4-ธ.ค.-68,4-ธ.ค.-71,ดู,,
Marstek,R6-5K-T2,2.5 kW,1,L/N/PE 220,ไม่เกิน 500 kW,4-ธ.ค.-68,4-ธ.ค.-71,ดู,,
DEYE,R6KL1DA-G2S,6 kW,3,"220/380,230/400",ไม่เกิน 500 kW,4-ธ.ค.-68,4-ธ.ค.-71,ดู,,
Sinexcel,RPMI-2300-4T,135 kW,3,220/380,ทุกขนาด,4-ธ.ค.-68,4-ธ.ค.-71,ดู,,
HYXiPOWER,RW-F5.3-1H3,10 kW,3,"220/380, 230/400",ไม่เกิน 500 kW,14-พ.ย.-68,14-พ.ย.-71,ดู,,
DEYE,S5-GC110K,10 kW,1,220/230,ไม่เกิน 500 kW,14-พ.ย.-68,14-พ.ย.-71,ดู,,
Sunways,S5-GC40K,8 kW,1,220/230,ไม่เกิน 500 kW,14-พ.ย.-68,14-พ.ย.-71,ดู,,
REDPULSE,S5-GC60K,2.3 kW,1,220,ไม่เกิน 500 kW,14-พ.ย.-68,14-พ.ย.-71,ดู,,
LUXPOWER,S5-GR1P10K,6 kW,1,230,ไม่เกิน 500 kW,14-พ.ย.-68,14-พ.ย.-71,ดู,,
Sunways,S5-GR3P10K,5 kW,1,220/230,ไม่เกิน 500 kW,14-พ.ย.-68,14-พ.ย.-71,ดู,,
DEYE,S5-GR3P20K,60 kW,3,"220/380, 230/400",ทุกขนาด,14-พ.ย.-68,14-พ.ย.-71,ดู,,
TSUN,S5-GR3P20K(21A),3.3 kW,1,220/230/240,ไม่เกิน 500 kW,14-พ.ย.-68,14-พ.ย.-71,ดู,,
Haier,S5-GR3P5K,5 kW,1,L+N+PE 230/220,ไม่เกิน 500 kW,14-พ.ย.-68,14-พ.ย.-71,ดู,,
Haier,S6-EH1P10K-L-PLUS(21A),10 kW,1,L+N+PE 230/220,ไม่เกิน 500 kW,14-พ.ย.-68,14-พ.ย.-71,ดู,,
SOFAR,S6-EH1P6K-L-EU,1.6 kW,1,"220V (L/N/PE, 50Hz)",ไม่เกิน 500 kW,14-พ.ย.-68,14-พ.ย.-71,ดู,,
FoxESS,S6-EH1P6K-L-PLUS,10 kW,3,400/230; 380/220,ไม่เกิน 500 kW,14-พ.ย.-68,14-พ.ย.-71,ดู,,
SOFAR,S6-EH1P6K-L-PLUS(21A),3.3 kW,1,"220V (L/N/PE, 50Hz)",ไม่เกิน 500 kW,14-พ.ย.-68,14-พ.ย.-71,ดู,,
FoxESS,S6-EH1P8K-L-PLUS,15 kW,3,400/230; 380/220,ไม่เกิน 500 kW,14-พ.ย.-68,14-พ.ย.-71,ดู,,
FoxESS,S6-EH1P8K-L-PLUS(21A),30 kW,3,400/230; 380/220,ไม่เกิน 500 kW,14-พ.ย.-68,14-พ.ย.-71,ดู,,
Sunways,S6-EH3P10K02-NV-YD-L,10 kW,3,400,ไม่เกิน 500 kW,13-ม.ค.-69,13-ม.ค.-72,ดู,,
SUNWODA ENERGY,S6-EH3P10K2-H,105 kW,3,400,ทุกขนาด,13-ม.ค.-69,13-ม.ค.-72,ดู,,
FoxESS,S6-EH3P125K10-NV-YD-H,6 kW,1,220,ไม่เกิน 500 kW,13-ม.ค.-69,13-ม.ค.-72,ดู,,
RENAC,S6-EH3P125K10-NV-YD-H,5 kW,1,230,ไม่เกิน 500 kW,13-ม.ค.-69,13-ม.ค.-72,ดู,,
Solplanet,S6-EH3P125K10-NV-YD-H,250 kW,3,800,ทุกขนาด,13-ม.ค.-69,13-ม.ค.-72,ดู,,
GROWATT,S6-EH3P20K-H,9.999 kW,1,220/230,ไม่เกิน 500 kW,13-ม.ค.-69,13-ม.ค.-72,ดู,,
solis,S6-EH3P50K-H,50 kW,3,"3/N/PE, 220/380, 230/400",ทุกขนาด,13-ม.ค.-69,13-ม.ค.-72,ดู,,
GOODWE,S6-EH3P50K-H(21A),50 kW,3,"220/380,230/400,240/415",ทุกขนาด,13-ม.ค.-69,13-ม.ค.-72,ดู,,
Zonergy,S6-EH3P80K10-NV-YD-H,50 kW,3,230/400,ทุกขนาด,13-ม.ค.-69,13-ม.ค.-72,ดู,,
FoxESS,S6-EH3P80K10-NV-YD-H,60 kW,3,380,ทุกขนาด,18-ธ.ค.-68,18-ธ.ค.-71,ดู,,
Hoymiles,S6-EH3P99.9K10-NV-YD-H,6 kW,1,L/N/PE 220/230/240*,ไม่เกิน 500 kW,18-ธ.ค.-68,18-ธ.ค.-71,ดู,,
ATMOCE,S6-EH3P99.9K10-NV-YD-H,1.25 kW,1,: L/N/PE 220/230/240,ทุกขนาด,18-ธ.ค.-68,18-ธ.ค.-71,ดู,,
FoxESS,S6-GC110K,100 kW,3,380,ทุกขนาด,18-ธ.ค.-68,18-ธ.ค.-71,ดู,,
YUNT,S6-GC3P150K07-NV-ND,125 kW,3,220/380Va.c.; 230/400Va.c.; 3(N)~+PE,ทุกขนาด,18-ธ.ค.-68,18-ธ.ค.-71,ดู,,
FoxESS,S6-GC3P40K04-NV-ND,125 kW,3,380,ทุกขนาด,18-ธ.ค.-68,18-ธ.ค.-71,ดู,,
solis,S6-GC3P60K05-NV-ND,8 kW,1,"L/N/PE, 220/230",ทุกขนาด,18-ธ.ค.-68,18-ธ.ค.-71,ดู,,
CLEANLINE,S6-GR1P5K-S,5 kW,1,220/230,ไม่เกิน 500 kW,18-ธ.ค.-68,18-ธ.ค.-71,ดู,,
solis,S6-GR3P10K02-NV-ND,10 kW,1,"L/N/PE, 220/230",ทุกขนาด,18-ธ.ค.-68,18-ธ.ค.-71,ดู,,
GOODWE,S6-GU3P350K06-EV-ND,15 kW,3,400/380,ทุกขนาด,18-ธ.ค.-68,18-ธ.ค.-71,ดู,,
DEYE,S7-EH1P6K02-NV-YD-L,15 kW,3,"220/380,230/400",ทุกขนาด,18-ธ.ค.-68,18-ธ.ค.-71,ดู,,
solis,SC125CX-V241,6 kW,1,"L/N/PE, 220/230",ทุกขนาด,18-ธ.ค.-68,18-ธ.ค.-71,ดู,,
Hoymiles,SC125CX-V241,119 kW,3,380/400,ทุกขนาด,18-ธ.ค.-68,18-ธ.ค.-71,ดู,,
CLEANLINE,SC125CX-V242,10 kW,3,380/400,ไม่เกิน 500 kW,18-ธ.ค.-68,18-ธ.ค.-71,ดู,,
GOODWE,SC125HX-FM,20 kW,3,400/380,ทุกขนาด,4-ธ.ค.-68,4-ธ.ค.-71,ดู,,
GROWATT,SC125HX-FM,6 kW,1,220/230,ไม่เกิน 500 kW,27-ม.ค.-69,27-ม.ค.-72,ดู,,
Sigenergy,SC125HX-FM,20 kW,3,"3/N/PE, 220/380",ไม่เกิน 500 kW,27-ม.ค.-69,27-ม.ค.-72,ดู,,
Sungrow,SC210HX,15 kW,3,"3/N/PE, 220/380, 230/400V",ไม่เกิน 500 kW,27-ม.ค.-69,27-ม.ค.-72,ดู,,
Rockcore Electronics,SC210HX-FM,2.5 kW,1,220V/230V (L/N/PE),ไม่เกิน 500 kW,27-ม.ค.-69,27-ม.ค.-72,ดู,,
KEHUA TECH,SCA10K-T-EU,10 kW,3,380/400,ไม่เกิน 500 kW,27-ม.ค.-69,27-ม.ค.-72,ดู,,
HYPONTECH,SCA15K-T-EU,10 kW,1,220/230,ไม่เกิน 500 kW,27-ม.ค.-69,27-ม.ค.-72,ดู,,
Sungrow,SCA20K-T-EU,10 kW,3,"3/N/PE, 220/380, 230/400Va.c.",ไม่เกิน 500 kW,27-ม.ค.-69,27-ม.ค.-72,ดู,,
Midea,SE100K,5 kW,1,"L/N/PE, 220",ไม่เกิน 500 kW,27-ม.ค.-69,27-ม.ค.-72,ดู,,
FoxESS,SE10K,50 kW,3,380/400,ทุกขนาด,27-ม.ค.-69,27-ม.ค.-72,ดู,,
Sungrow,SE10K-RWB48,5 kW,3,3/N/PE AC 230/400V,ไม่เกิน 500 kW,27-ม.ค.-69,27-ม.ค.-72,ดู,,
FoxESS,SE120K,100 kW,3,400,ทุกขนาด,27-ม.ค.-69,27-ม.ค.-72,ดู,,
Midea,SE30K,6 kW,1,"L/N/PE, 220",ไม่เกิน 500 kW,27-ม.ค.-69,27-ม.ค.-72,ดู,,
DELTA,SE33.3K,50 kW,3,220/380,ทุกขนาด,13-ม.ค.-69,13-ม.ค.-72,ดู,,
Megarevo,SE330K,250 kW,3,400,ทุกขนาด,13-ม.ค.-69,13-ม.ค.-72,ดู,,
invt,SE5000H,6 kW,1,230,ไม่เกิน 500 kW,13-ม.ค.-69,13-ม.ค.-72,ดู,,
GOODWE,SE90K,50 kW,3,"220/380,230/400,240/415",ทุกขนาด,13-ม.ค.-69,13-ม.ค.-72,ดู,,
In-Power,SG10RS,125 kW,3,"3L/N/PE, 380/220",ทุกขนาด,13-ม.ค.-69,13-ม.ค.-72,ดู,,
GROWATT,SG10RT-P2,9.999 kW,1,220/230,ไม่เกิน 500 kW,13-ม.ค.-69,13-ม.ค.-72,ดู,,
Afore,SG1100UD,5 kW,1,220/230,ไม่เกิน 500 kW,13-ม.ค.-69,13-ม.ค.-72,ดู,,
GOODWE,SG110CX,100 kW,3,"220/380,230/400,240/415",ทุกขนาด,13-ม.ค.-69,13-ม.ค.-72,ดู,,
FoxESS,SG125CX-P2,6 kW,1,220,ไม่เกิน 500 kW,13-ม.ค.-69,13-ม.ค.-72,ดู,,
GOODWE,SG150CX,125 kW,3,380/400,ทุกขนาด,13-ม.ค.-69,13-ม.ค.-72,ดู,,
RENAC,SG15RT-P2,5 kW,1,230,ไม่เกิน 500 kW,13-ม.ค.-69,13-ม.ค.-72,ดู,,
LIVOLTEK,SG20RT-P2,6 kW,1,220/230/240,ไม่เกิน 500 kW,13-ม.ค.-69,13-ม.ค.-72,ดู,,
SOLAX POWER,SG250HX,350 kW,3,3W/PE 800,ทุกขนาด,18-มี.ค.-69,18-มี.ค.-72,ดู,,
ESSCO,SG350HX,11 kW,3,230/400,ไม่เกิน 500 kW,25-ก.พ.-69,25-ก.พ.-72,ดู,,
Solinteg,SG350HX-20,50 kW,3,380,ไม่เกิน 500 kW,25-ก.พ.-69,25-ก.พ.-72,ดู,,
AUXSOL,SG36CX-P2,15 kW,3,"220/380,230/400",ไม่เกิน 500 kW,25-ก.พ.-69,25-ก.พ.-72,ดู,,
DEYE,SG5.0RS,12 kW,3,"220/380, 230/400",ไม่เกิน 500 kW,25-ก.พ.-69,25-ก.พ.-72,ดู,,
solis,SG5.0RT-P2,60 kW,3,"3/N/PE, 220V/380V, 230V/400",ทุกขนาด,25-ก.พ.-69,25-ก.พ.-72,ดู,,
HUAWEI,SG5.0RT-P2,200 kW,3,800,ทุกขนาด,25-ก.พ.-69,25-ก.พ.-72,ดู,,
DEYE,SG500MX,10 kW,3,"220/380, 230/400",ทุกขนาด,25-ก.พ.-69,25-ก.พ.-72,ดู,,
REPT BATTERO,SG50CX,125 kW,3,380/400,ทุกขนาด,25-ก.พ.-69,25-ก.พ.-72,ดู,,
RENAC,SG50CX-P2,8 kW,1,230,ไม่เกิน 500 kW,25-ก.พ.-69,25-ก.พ.-72,ดู,,
SOLAX POWER,SG630MX,15 kW,3,220/380 230/400,ไม่เกิน 500 kW,25-ก.พ.-69,25-ก.พ.-72,ดู,,
SOLAX POWER,SG780UD-20,10 kW,3,"3W/(N)/PE,220/380,230/400",ไม่เกิน 500 kW,25-ก.พ.-69,25-ก.พ.-72,ดู,,
SAJ,SG780UD-20,16 kW,3,"220/380,230/400",ไม่เกิน 500 kW,2-ก.พ.-69,2-ก.พ.-72,ดู,,
SAJ,SG780UD-20,12 kW,3,"220/380,230/400",ไม่เกิน 500 kW,2-ก.พ.-69,2-ก.พ.-72,ดู,,
Rockcore Electronics,SH10T,0.8 kW,1,220/230,ไม่เกิน 500 kW,2-ก.พ.-69,2-ก.พ.-72,ดู,,
SAJ,SH25T,20 kW,3,"220/380,230/400",ไม่เกิน 500 kW,2-ก.พ.-69,2-ก.พ.-72,ดู,,
Sigenergy,SH5.0RS-20,110 kW,3,"3/N/PE 220/380V, 230/400V",ทุกขนาด,2-ก.พ.-69,2-ก.พ.-72,ดู,,
solis,SHP 150-21,110 kW,3,"3/N/PE, 220/380, 230/400",ทุกขนาด,2-ก.พ.-69,2-ก.พ.-72,ดู,,
LIVOLTEK,SH-PEI-PHS8,12 kW,1,220/230/240,ไม่เกิน 500 kW,2-ก.พ.-69,2-ก.พ.-72,ดู,,
SUNGROW,SH-PEI-PHT15,320 kW,3,800,ทุกขนาด,2-ก.พ.-69,2-ก.พ.-72,ดู,,
solis,SI105TENT07,110 kW,3,"3/N/PE, 220V/380V, 230V/400",ทุกขนาด,2-ก.พ.-69,2-ก.พ.-72,ดู,,
solis,Sigen Hybrid 10.0 TP2,40 kW,3,"3/N/PE, 220V/380V, 230V/400",ทุกขนาด,2-ก.พ.-69,2-ก.พ.-72,ดู,,
SUNGROW,Sigen Hybrid 10.0 TP2,210 kW,3,690,ทุกขนาด,2-ก.พ.-69,2-ก.พ.-72,ดู,,
Sungrow,Sigen Hybrid 5.0 SP2,5 kW,3,3/N/PE AC 230/400V,ไม่เกิน 500 kW,27-ม.ค.-69,27-ม.ค.-72,ดู,,
Sungrow,Sigen PV 110M1,10 kW,1,"L/N/PE, 220/230/240",ไม่เกิน 500 kW,3-เม.ย.-69,3-เม.ย.-72,ดู,,
SOFAR SOLAR,Sigen PV 110M1-HYB,50 kW,3,380/400,ไม่เกิน 500 kW,3-เม.ย.-69,3-เม.ย.-72,ดู,,
Midea,Sigen PV 125M1,15 kW,3,"220 ,380",ไม่เกิน 500 kW,3-เม.ย.-69,3-เม.ย.-72,ดู,,
solis,Sigen PV 125M1,125 kW,3,"3/N/PE, 220/380, 230/400",ทุกขนาด,3-เม.ย.-69,3-เม.ย.-72,ดู,,
HUAWEI,Sigen PV 125M1-HYA,100 kW,3,220/380,ทุกขนาด,3-เม.ย.-69,3-เม.ย.-72,ดู,,
Midea,Sigen PV 125M1-HYA,20 kW,1,"3L/N/PE, 220/230",ไม่เกิน 500 kW,3-เม.ย.-69,3-เม.ย.-72,ดู,,
SUNGROW,Sigen PV 150M1,127 kW,3,690,ทุกขนาด,3-เม.ย.-69,3-เม.ย.-72,ดู,,
DEYE,Sigen PV 166M1,30 kW,3,"220/380, 230/400",ทุกขนาด,3-เม.ย.-69,3-เม.ย.-72,ดู,,
SOFAR SOLAR,Sigen PV 500H1,10 kW,3,380/400/415,ไม่เกิน 500 kW,3-เม.ย.-69,3-เม.ย.-72,ดู,,
Midea,Sigen PV 50M1,15 kW,3,220/380,ไม่เกิน 500 kW,3-เม.ย.-69,3-เม.ย.-72,ดู,,
TCL,Sigen PV 50M1-HYA,50 kW,3,400,ไม่เกิน 500 kW,3-เม.ย.-69,3-เม.ย.-72,ดู,,
SOFAR SOLAR,Sigen PV 50M1-HYA,30 kW,3,380/400,ไม่เกิน 500 kW,3-เม.ย.-69,3-เม.ย.-72,ดู,,
SUNGROW,SigenStor EC 10.0 SP,781.25 kW,3,660,ทุกขนาด,3-เม.ย.-69,3-เม.ย.-72,ดู,,
Midea,SigenStor EC 10.0 TP,30 kW,1,": 3L/N/PE, 220/230",ไม่เกิน 500 kW,3-เม.ย.-69,3-เม.ย.-72,ดู,,
SolarEdge,SigenStor EC 20.0 TP,50 kW,3,230/400,ทุกขนาด,3-เม.ย.-69,3-เม.ย.-72,ดู,,
Solplanet,SigenStor EC 25.0 TP,150 kW,3,380,ทุกขนาด,3-เม.ย.-69,3-เม.ย.-72,ดู,,
SOLAX POWER,SigenStor EC 5.0 SP,350 kW,3,3W/PE 800,ทุกขนาด,18-มี.ค.-69,18-มี.ค.-72,ดู,,
Midea,SigenStor Neo EC 10.0 TP,10 kW,3,"3L/N/PE, 380/400",ไม่เกิน 500 kW,18-มี.ค.-69,18-มี.ค.-72,ดู,,
Afore,SigenStor Neo EC 10.0 TP,10 kW,3,230/400,ไม่เกิน 500 kW,18-มี.ค.-69,18-มี.ค.-72,ดู,,
YUNT,SigenStor Neo EC 12.0 SP,125 kW,3,380/400V 3(N)+PE,ทุกขนาด,18-มี.ค.-69,18-มี.ค.-72,ดู,,
AUXSOL,SigenStor Neo EC 12.0 SP,10 kW,1,220/230,ไม่เกิน 500 kW,18-มี.ค.-69,18-มี.ค.-72,ดู,,
SOFAR,SigenStor Neo EC 15.0 TP,352 kW,3,"3/PE, 800Vac",ทุกขนาด,18-มี.ค.-69,18-มี.ค.-72,ดู,,
Afore,SigenStor Neo EC 15.0 TP,20 kW,3,230/400,ไม่เกิน 500 kW,18-มี.ค.-69,18-มี.ค.-72,ดู,,
SOLAX POWER,SigenStor Neo EC 5.0 TP,150 kW,3,"3W/(N)/PE,220/380,230/400",ทุกขนาด,18-มี.ค.-69,18-มี.ค.-72,ดู,,
SINOSOAR,SigenStor Neo EC 5.0 TP,125 kW,3,"3L/N/PE, 220/380,230/400",ไม่เกิน 500 kW,24-เม.ย.-69,24-เม.ย.-72,ดู,,
Huawei,SigenStor Neo EC 6.0 SP,200 kW,3,800,ทุกขนาด,24-เม.ย.-69,24-เม.ย.-72,ดู,,
LEONICS,SigenStor Neo EC 6.0 SP,125 kW,3,380,ทุกขนาด,3-เม.ย.-69,3-เม.ย.-72,ดู,,
TCL,SMILE-G3-T20-INV,8 kW,1,220/230/240,ไม่เกิน 500 kW,3-เม.ย.-69,3-เม.ย.-72,ดู,,
Bernalda Energia,SMILE-T10-HV-INV,50 kW,3,230/400,ทุกขนาด,3-เม.ย.-69,3-เม.ย.-72,ดู,,
Haier,SN10PT,50 kW,3,220/380,ทุกขนาด,3-เม.ย.-69,3-เม.ย.-72,ดู,,
Midea,SN125PT,8 kW,1,"L/N/PE, 220/230V",ไม่เกิน 500 kW,3-เม.ย.-69,3-เม.ย.-72,ดู,,
SolarEdge,SN20PT,50 kW,3,230/400,ทุกขนาด,3-เม.ย.-69,3-เม.ย.-72,ดู,,
HUAWEI,SN30PT,300 kW,3,800,ทุกขนาด,3-เม.ย.-69,3-เม.ย.-72,ดู,,
HUAWEI,SN5.0HS-X,40 kW,3,220/380,ทุกขนาด,3-เม.ย.-69,3-เม.ย.-72,ดู,,
Midea,SN50PT,5 kW,1,"L/N/PE, 220/230",ไม่เกิน 500 kW,3-เม.ย.-69,3-เม.ย.-72,ดู,,
TCL,SNA6000 WPV,50 kW,3,400,ไม่เกิน 500 kW,3-เม.ย.-69,3-เม.ย.-72,ดู,,
solis,SOFAR 1.6KTL2-G3,80 kW,3,"3/N/PE, 220/380, 230/400",ทุกขนาด,3-เม.ย.-69,3-เม.ย.-72,ดู,,
Midea,SOFAR 100KTLX-G4-ESS,15 kW,3,"220 ,380",ไม่เกิน 500 kW,3-เม.ย.-69,3-เม.ย.-72,ดู,,
solis,SOFAR 100KTLX-G4-ESS,99.9 kW,3,"3/N/PE, 220/380, 230/400",ทุกขนาด,3-เม.ย.-69,3-เม.ย.-72,ดู,,
Midea,SOFAR 125KTLX-G4-ESS,20 kW,1,"3L/N/PE, 220/230",ไม่เกิน 500 kW,3-เม.ย.-69,3-เม.ย.-72,ดู,,
HYPONTECH,SOFAR 125KTLX-G4-ESS,3 kW,1,220/230,ไม่เกิน 500 kW,3-เม.ย.-69,3-เม.ย.-72,ดู,,
SUNGROW,SOFAR 3.3KTL2-G3 ,127 kW,3,690,ทุกขนาด,3-เม.ย.-69,3-เม.ย.-72,ดู,,
solis,SOFAR 30KTLX-G3,125 kW,3,"3/N/PE, 220/380, 230/400",ทุกขนาด,3-เม.ย.-69,3-เม.ย.-72,ดู,,
SUNGROW,SOFAR 350KTLX0,781.25 kW,3,660,ทุกขนาด,3-เม.ย.-69,3-เม.ย.-72,ดู,,
SOFAR SOLAR,SOFAR 50KTLX-G3,5 kW,1,230,ไม่เกิน 500 kW,3-เม.ย.-69,3-เม.ย.-72,ดู,,
Haier,SOFAR 5KTLM-G3,20 kW,3,220/380,ทุกขนาด,3-เม.ย.-69,3-เม.ย.-72,ดู,,
Midea,SOFAR HYD-8K-LT1,30 kW,1,": 3L/N/PE, 220/230",ไม่เกิน 500 kW,3-เม.ย.-69,3-เม.ย.-72,ดู,,
HUAWEI,SOFAR HYD-8K-LT1,100 kW,3,220/380,ทุกขนาด,3-เม.ย.-69,3-เม.ย.-72,ดู,,
SINOSOAR,Solis-255K-EHV-5G-PLUS,125 kW,3,"3L/N/PE, 220/380,230/400",ไม่เกิน 500 kW,24-เม.ย.-69,24-เม.ย.-72,ดู,,
Huawei,SP-120K-BL,200 kW,3,800,ทุกขนาด,24-เม.ย.-69,24-เม.ย.-72,ดู,,
LEONICS,SP-120K-BL,125 kW,3,380,ทุกขนาด,3-เม.ย.-69,3-เม.ย.-72,ดู,,
TCL,SP125HCPS,8 kW,1,220/230/240,ไม่เกิน 500 kW,3-เม.ย.-69,3-เม.ย.-72,ดู,,
Bernalda Energia,SP125HCPS,50 kW,3,230/400,ทุกขนาด,3-เม.ย.-69,3-เม.ย.-72,ดู,,
Haier,SP-350K-H1,50 kW,3,220/380,ทุกขนาด,3-เม.ย.-69,3-เม.ย.-72,ดู,,
Midea,SP60HCG2,8 kW,1,"L/N/PE, 220/230V",ไม่เกิน 500 kW,3-เม.ย.-69,3-เม.ย.-72,ดู,,
SolarEdge,SPH 6000,50 kW,3,230/400,ทุกขนาด,3-เม.ย.-69,3-เม.ย.-72,ดู,,
HUAWEI,SPH10000TL3BH-UP,300 kW,3,800,ทุกขนาด,3-เม.ย.-69,3-เม.ย.-72,ดู,,
HUAWEI,SPI10K-B X2,40 kW,3,220/380,ทุกขนาด,3-เม.ย.-69,3-เม.ย.-72,ดู,,
Midea,SPI125K-B,5 kW,1,"L/N/PE, 220/230",ไม่เกิน 500 kW,3-เม.ย.-69,3-เม.ย.-72,ดู,,
TCL,SPI320K-B-H X2,50 kW,3,400,ไม่เกิน 500 kW,3-เม.ย.-69,3-เม.ย.-72,ดู,,
solis,SPI5000-B2,80 kW,3,"3/N/PE, 220/380, 230/400",ทุกขนาด,3-เม.ย.-69,3-เม.ย.-72,ดู,,
Midea,SPI50K-B X2,15 kW,3,"220 ,380",ไม่เกิน 500 kW,3-เม.ย.-69,3-เม.ย.-72,ดู,,
solis,SPM 10000TL-HU,99.9 kW,3,"3/N/PE, 220/380, 230/400",ทุกขนาด,3-เม.ย.-69,3-เม.ย.-72,ดู,,
Midea,SPM 10000TL-HU,20 kW,1,"3L/N/PE, 220/230",ไม่เกิน 500 kW,3-เม.ย.-69,3-เม.ย.-72,ดู,,
HYPONTECH,SPM 6000TL-HU,3 kW,1,220/230,ไม่เกิน 500 kW,3-เม.ย.-69,3-เม.ย.-72,ดู,,
SUNGROW,STH-10KTL-LS,127 kW,3,690,ทุกขนาด,3-เม.ย.-69,3-เม.ย.-72,ดู,,
solis,STH-5KTL-LS,125 kW,3,"3/N/PE, 220/380, 230/400",ทุกขนาด,3-เม.ย.-69,3-เม.ย.-72,ดู,,
SUNGROW,STH-8KTL-LS,781.25 kW,3,660,ทุกขนาด,3-เม.ย.-69,3-เม.ย.-72,ดู,,
SOFAR SOLAR,STP 110-60,5 kW,1,230,ไม่เกิน 500 kW,3-เม.ย.-69,3-เม.ย.-72,ดู,,
Haier,STP 12-50,20 kW,3,220/380,ทุกขนาด,3-เม.ย.-69,3-เม.ย.-72,ดู,,
Midea,STP 25-50,30 kW,1,": 3L/N/PE, 220/230",ไม่เกิน 500 kW,3-เม.ย.-69,3-เม.ย.-72,ดู,,
HUAWEI,STP15-50,100 kW,3,220/380,ทุกขนาด,3-เม.ย.-69,3-เม.ย.-72,ดู,,
Solplanet,STP20-50,350 kW,3,800,ทุกขนาด,28-พ.ค.-69,28-พ.ค.-72,ดู,,
ZTE,STP50-41,125 kW,3,"230/400, 220/380",ทุกขนาด,28-พ.ค.-69,28-พ.ค.-72,ดู,,
DEYE,STS-5KTL-SE-S,100 kW,3,"220/380, 230/400",ทุกขนาด,28-พ.ค.-69,28-พ.ค.-72,ดู,,
SOFAR,STS-5KTL-SE-S,50 kW,3,380-415,ทุกขนาด,28-พ.ค.-69,28-พ.ค.-72,ดู,,
GOODWE,STT-10KTL-P,125 kW,3,380/400,ทุกขนาด,19-พ.ค.-69,19-พ.ค.-72,ดู,,
GROWATT,STT-110KTL,10 kW,3,230/400,ไม่เกิน 500 kW,19-พ.ค.-69,19-พ.ค.-72,ดู,,
SAJ,SUN-100K-G03,6 kW,1,220/230/240,ไม่เกิน 500 kW,19-พ.ค.-69,19-พ.ค.-72,ดู,,
Deye,SUN-100K-PCS01HP3,10 kW,1,230,ไม่เกิน 500 kW,19-พ.ค.-69,19-พ.ค.-72,ดู,,
TBEA,SUN-100K-SG02HP3-EU-GM10,330 kW,3,800,ทุกขนาด,19-พ.ค.-69,19-พ.ค.-72,ดู,,
TCL,SUN-10K-G,6 kW,1,220/230/240,ไม่เกิน 500 kW,19-พ.ค.-69,19-พ.ค.-72,ดู,,
Afore,SUN-10K-G02P1-EU-AM2,50 kW,3,230/400,ทุกขนาด,19-พ.ค.-69,19-พ.ค.-72,ดู,,
Growatt,SUN-10K-G03,10 kW,3,230/400,ไม่เกิน 500 kW,19-พ.ค.-69,19-พ.ค.-72,ดู,,
Afore,SUN-10K-G06P3-EU-BM2-P1,3 kW,1,220/230/240,ไม่เกิน 500 kW,19-พ.ค.-69,19-พ.ค.-72,ดู,,
SUNGROW,SUN-10K-SG02LP1-EU-AM3,630 kW,3,360,ทุกขนาด,19-พ.ค.-69,19-พ.ค.-72,ดู,,
CHINT POWER,SUN-10K-SG02LP1-EU-AM3-P,15 kW,3,380/400,ไม่เกิน 500 kW,19-พ.ค.-69,19-พ.ค.-72,ดู,,
Afore,SUN-10K-SG04LP3-EU,10 kW,3,230/400,ไม่เกิน 500 kW,19-พ.ค.-69,19-พ.ค.-72,ดู,,
CHINT POWER,SUN-10K-SG05LP1-EU,10 kW,3,380/400,ไม่เกิน 500 kW,19-พ.ค.-69,19-พ.ค.-72,ดู,,
CHINT POWER,SUN-10K-SG05LP1-EU,20 kW,3,380/400,ไม่เกิน 500 kW,19-พ.ค.-69,19-พ.ค.-72,ดู,,
Huawei,SUN-10K-SG05LP3-EU-SM2,200 kW,3,800,ทุกขนาด,24-เม.ย.-69,24-เม.ย.-72,ดู,,
SOLAX POWER,SUN-10K-SG06LP1-EU-CM3,15 kW,3,380,ไม่เกิน 500 kW,24-เม.ย.-69,24-เม.ย.-72,ดู,,
SOLAX POWER,SUN-120K-G01P3-EU-AM8,125 kW,3,380,ทุกขนาด,24-เม.ย.-69,24-เม.ย.-72,ดู,,
SOLAX POWER,SUN-120K-G01P3-EU-AM8,10 kW,3,380,ไม่เกิน 500 kW,24-เม.ย.-69,24-เม.ย.-72,ดู,,
NEP NORTHERN ELECTRIC,SUN-125K-SG02HP3-EU-GM10,2 kW,1,230,ไม่เกิน 500 kW,24-เม.ย.-69,24-เม.ย.-72,ดู,,
GOODWE,SUN-12K-SG04LP3-EU,10 kW,3,400/380,ทุกขนาด,24-เม.ย.-69,24-เม.ย.-72,ดู,,
ESSCO,SUN-12K-SG05LP3-EU-SM2,3 kW,1,220 / 230 / 240,ไม่เกิน 500 kW,24-เม.ย.-69,24-เม.ย.-72,ดู,,
AOTAI,SUN-15K-G03,110 kW,3,380/400,ทุกขนาด,12-มิ.ย.-69,12-มิ.ย.-72,ดู,,
DEYE,SUN-15K-G06P3-EU-BM2-P1,30 kW,3,"220/380, 230/400",ทุกขนาด,12-มิ.ย.-69,12-มิ.ย.-72,ดู,,
solis,SUN-15K-SG05LP3-EU-SM2,6 kW,1,"L/N/PE, 220/230",ทุกขนาด,12-มิ.ย.-69,12-มิ.ย.-72,ดู,,
DEYE,SUN-16K-SG01LP1-EU,16 kW,1,220/2330,ไม่เกิน 500 kW,12-มิ.ย.-69,12-มิ.ย.-72,ดู,,
DEYE,SUN-16K-SG01LP1-EU-AM3-P,3 kW,1,220/230,ไม่เกิน 500 kW,12-มิ.ย.-69,12-มิ.ย.-72,ดู,,
SOFAR,SUN2000-100KTL-M1,125 kW,3,380-415,ทุกขนาด,12-มิ.ย.-69,12-มิ.ย.-72,ดู,,
SOFAR,SUN2000-100KTL-M2,5 kW,3,380-415,ไม่เกิน 500 kW,12-มิ.ย.-69,12-มิ.ย.-72,ดู,,
SOFAR SOLAR,SUN2000-100KTL-M2,5 kW,1,220-230,ไม่เกิน 500 kW,12-มิ.ย.-69,12-มิ.ย.-72,ดู,,
RENAC,SUN2000-100KTL-M2,10 kW,3,1000,ไม่เกิน 500 kW,12-มิ.ย.-69,12-มิ.ย.-72,ดู,,
SOFAR,SUN2000-10K-LC0,15 kW,3,380-415,ไม่เกิน 500 kW,12-มิ.ย.-69,12-มิ.ย.-72,ดู,,
ATESS,SUN2000-10K-MAP0,100 kW,3,230/400,ทุกขนาด,12-มิ.ย.-69,12-มิ.ย.-72,ดู,,
Haier,SUN2000-10KTL-M1,10 kW,1,220/230/240,ทุกขนาด,12-มิ.ย.-69,12-มิ.ย.-72,ดู,,
LIVOLTEK,SUN2000-12KTL-M2,125 kW,3,"220/380, 230/400",ทุกขนาด,12-มิ.ย.-69,12-มิ.ย.-72,ดู,,
RENAC,SUN2000-150K-MG0,5 kW,1,600,ไม่เกิน 500 kW,12-มิ.ย.-69,12-มิ.ย.-72,ดู,,
VaySunic,SUN2000-15K-MB0,2.25 kW,1,220/230,ทุกขนาด,12-มิ.ย.-69,12-มิ.ย.-72,ดู,,
DEYE,SUN2000-15KTL-M2,5 kW,1,220/230,ไม่เกิน 500 kW,28-พ.ค.-69,28-พ.ค.-72,ดู,,
SOFAR,SUN2000-185KTL-H1,30 kW,3,380-415,ทุกขนาด,28-พ.ค.-69,28-พ.ค.-72,ดู,,
Solplanet,SUN2000-20K-MB0,350 kW,3,800,ทุกขนาด,28-พ.ค.-69,28-พ.ค.-72,ดู,,
DEYE,SUN2000-20KTL-M2,6 kW,1,220/230,ไม่เกิน 500 kW,28-พ.ค.-69,28-พ.ค.-72,ดู,,
DEYE,SUN2000-215KTL-H0,10 kW,1,220/230,ไม่เกิน 500 kW,28-พ.ค.-69,28-พ.ค.-72,ดู,,
Hoymiles,SUN2000-215KTL-H0,10 kW,1,220/230/240,ไม่เกิน 500 kW,28-พ.ค.-69,28-พ.ค.-72,ดู,,
ATESS,SUN2000-215KTL-H0,500 kW,3,400,ทุกขนาด,28-พ.ค.-69,28-พ.ค.-72,ดู,,
DEYE,SUN2000-215KTL-H3,8 kW,1,220/230,ไม่เกิน 500 kW,28-พ.ค.-69,28-พ.ค.-72,ดู,,
ZTE,SUN2000-30KTL-M3,125 kW,3,"230/400, 220/380",ทุกขนาด,28-พ.ค.-69,28-พ.ค.-72,ดู,,
SINOSOAR,SUN2000-330KTL-H1,60 kW,3,"3L/N/PE, 380/220,400/230",ทุกขนาด,28-พ.ค.-69,28-พ.ค.-72,ดู,,
SOFAR SOLAR,SUN2000-330KTL-H1,8 kW,1,230,ไม่เกิน 500 kW,13-ส.ค.-69,13-ส.ค.-72,ดู,,
CLOU,SUN2000-36KTL,215 kW,3,690,ทุกขนาด,13-ส.ค.-69,13-ส.ค.-72,ดู,,
Sigenergy,SUN2000-36KTL-M3,6 kW,1,220/230/240,ไม่เกิน 500 kW,13-ส.ค.-69,13-ส.ค.-72,ดู,,
SOFAR SOLAR,SUN2000-3K-LB0,10 kW,3,380/400/415,ไม่เกิน 500 kW,13-ส.ค.-69,13-ส.ค.-72,ดู,,
PSI,SUN2000-3KTL-L1,6 kW,1,220/230,ไม่เกิน 500 kW,13-ส.ค.-69,13-ส.ค.-72,ดู,,
Haier,SUN2000-40K-MC0,30 kW,3,"220/380, 230/400",ทุกขนาด,13-ส.ค.-69,13-ส.ค.-72,ดู,,
Haier Energy,SUN2000-40K-MC0,6 kW,3,380/400,ทุกขนาด,13-ส.ค.-69,13-ส.ค.-72,ดู,,
HUAWEI,SUN2000-40KTL-M3,460 kW,3,1000,ทุกขนาด,13-ส.ค.-69,13-ส.ค.-72,ดู,,
Sigenergy,SUN2000-506KTL-H3,15 kW,3,"220/380, 230/400, 240/415",ไม่เกิน 500 kW,13-ส.ค.-69,13-ส.ค.-72,ดู,,
Sigenergy,SUN2000-506KTL-H3,5 kW,3,"220/380, 230/400, 240/415",ไม่เกิน 500 kW,13-ส.ค.-69,13-ส.ค.-72,ดู,,
LuckEner,SUN2000-5K-LB0,12 kW,1,L/N/PE 220/230,ไม่เกิน 500 kW,13-ส.ค.-69,13-ส.ค.-72,ดู,,
LuckEner,SUN2000-5K-MAP0,6 kW,1,L/N/PE 220/230,ไม่เกิน 500 kW,13-ส.ค.-69,13-ส.ค.-72,ดู,,
Sigenergy,SUN2000-5KTL-L1,12 kW,1,220/230/240,ไม่เกิน 500 kW,13-ส.ค.-69,13-ส.ค.-72,ดู,,
Sigenergy,SUN2000-5KTL-L1(old model),10 kW,3,"220/400, 230/400, 240/415",ไม่เกิน 500 kW,13-ส.ค.-69,13-ส.ค.-72,ดู,,
Haier Energy,SUN2000-5KTL-M1,15 kW,3,380/400,ทุกขนาด,13-ส.ค.-69,13-ส.ค.-72,ดู,,
SRNE,SUN2000-60KTL-M0,60 kW,3,"230/400, 220/380",ทุกขนาด,13-ส.ค.-69,13-ส.ค.-72,ดู,,
SOFAR SOLAR,SUN-20K-G03,100 kW,3,380/400/415,ทุกขนาด,13-ส.ค.-69,13-ส.ค.-72,ดู,,
SOFAR SOLAR,SUN-20K-G05,20 kW,3,380/400/415,ไม่เกิน 500 kW,13-ส.ค.-69,13-ส.ค.-72,ดู,,
SRNE,SUN-20K-SG05LP3-EU-SM2,20 kW,3,230/400,ไม่เกิน 500 kW,13-ส.ค.-69,13-ส.ค.-72,ดู,,
DEC,SUN-3.6K-SG04LP1-EU-SM2,150 kW,3,"220/380, 230/400",ทุกขนาด,20-ก.ค.-69,20-ก.ค.-72,ดู,,
CLENERGY,SUN-30K-G03,5 kW,1,220/230/240,ไม่เกิน 500 kW,20-ก.ค.-69,20-ก.ค.-72,ดู,,
ATMOCE,SUN-30K-G04,6 kW,1,220/230/240(1/N/PE),ทุกขนาด,20-ก.ค.-69,20-ก.ค.-72,ดู,,
LUXPOWER,SUN-30K-SG01HP3-EUBM3,20 kW,3,230/400,ไม่เกิน 500 kW,20-ก.ค.-69,20-ก.ค.-72,ดู,,
Afore,SUN-30K-SG02HP3-EU-AM3,100 kW,3,230/400,ทุกขนาด,20-ก.ค.-69,20-ก.ค.-72,ดู,,
SOFAR,SUN-3K-G04P1-EU-AM1,8 kW,3,380/400/415,ไม่เกิน 500 kW,20-ก.ค.-69,20-ก.ค.-72,ดู,,
SUNGROW,SUN-3K-G04P1-EU-AM1,125 kW,3,"220/380V, 230/400V",ทุกขนาด,2-ก.ย.-68,2-ก.ย.-71,ดู,,
GROWATT,SUN-3K-G05P1-EU-CM1,125 kW,3,230/400,ทุกขนาด,2-ก.ย.-68,2-ก.ย.-71,ดู,,
HYXiPOWER,SUN-3K-G05P1-EU-CM1,12 kW,3,380/400,ไม่เกิน 500 kW,2-ก.ย.-68,2-ก.ย.-71,ดู,,
HYXiPOWER,SUN-40K-G04,50 kW,3,380/400,ทุกขนาด,2-ก.ย.-68,2-ก.ย.-71,ดู,,
SUNGROW,SUN-40K-G04,125 kW,3,"220/380V, 230/400V",ทุกขนาด,2-ก.ย.-68,2-ก.ย.-71,ดู,,
SOLAX POWER,SUN-40K-SG01HP3-EUBM4,100 kW,3,220/380,ทุกขนาด,2-ก.ย.-68,2-ก.ย.-71,ดู,,
FoxESS,SUN5000-150K-MG0,2.4 kW,1,220/230,ไม่เกิน 500 kW,2-ก.ย.-68,2-ก.ย.-71,ดู,,
FoxESS,SUN-50K-G04,30 kW,3,"415/240, 400/230, 380/220",ไม่เกิน 500 kW,2-ก.ย.-68,2-ก.ย.-71,ดู,,
HYXiPOWER,SUN-50K-G04,5 kW,1,220/230,ไม่เกิน 500 kW,2-ก.ย.-68,2-ก.ย.-71,ดู,,
Zonergy,SUN-50K-G04,10 kW,3,380,ไม่เกิน 500 kW,2-ก.ย.-68,2-ก.ย.-71,ดู,,
FoxESS,SUN-50K-SG01HP3-EUBM4,6 kW,1,220/230/240,ไม่เกิน 500 kW,2-ก.ย.-68,2-ก.ย.-71,ดู,,
Afore,SUN-5K-G,10 kW,1,220/230/240,ไม่เกิน 500 kW,2-ก.ย.-68,2-ก.ย.-71,ดู,,
HYXiPOWER,SUN-5K-G05P1-EU-AM2,125 kW,3,"220/230 , 380/400",ทุกขนาด,2-ก.ย.-68,2-ก.ย.-71,ดู,,
Sigenergy,SUN-5K-SG04LP1-EU-SM2,50 kW,3,380V/400V,ทุกขนาด,2-ก.ย.-68,2-ก.ย.-71,ดู,,
elecod,SUN-5K-SG05LP3-EU-SM2,125 kW,3,220/380,ไม่เกิน 500 kW,2-ก.ย.-68,2-ก.ย.-71,ดู,,
Sigenergy,SUN-5K-SG06LP1-EU-CM2,125 kW,3,380/400,ทุกขนาด,2-ก.ย.-68,2-ก.ย.-71,ดู,,
HYXiPOWER,SUN-5K-SG06LP3-EU-CM2,8 kW,1,220/230,ไม่เกิน 500 kW,2-ก.ย.-68,2-ก.ย.-71,ดู,,
elecod,SUN-60K-SG02HP3-EU-EM6,125 kW,3,220/380,ทุกขนาด,2-ก.ย.-68,2-ก.ย.-71,ดู,,
Sigenergy,SUN-6K-G03,125 kW,3,380/400,ทุกขนาด,2-ก.ย.-68,2-ก.ย.-71,ดู,,
TCL,SUN-6K-G06P3-EU-BM2-P1,5 kW,1,220/230,ไม่เกิน 500 kW,2-ก.ย.-68,2-ก.ย.-71,ดู,,
SRNE,SUN-6K-SG04LP1-EU-SM2,12 kW,1,230,ไม่เกิน 500 kW,2-ก.ย.-68,2-ก.ย.-71,ดู,,
Afore,SUN-6K-SG06LP1-EU-CM2,5 kW,1,220/230/240,ไม่เกิน 500 kW,2-ก.ย.-68,2-ก.ย.-71,ดู,,
PSI,SUN-80K-SG02HP3-EU-EM6,10 kW,1,220V/230,ไม่เกิน 500 kW,19-ส.ค.-68,19-ส.ค.-71,ดู,,
HYPONTECH,SUN-80K-SG02HP3-EU-EM6,6 kW,1,220/230,ไม่เกิน 500 kW,19-ส.ค.-68,19-ส.ค.-71,ดู,,
TCL,SUN-8K-SG05LP1-EU-SM2-P,12 kW,3,220/380,ไม่เกิน 500 kW,19-ส.ค.-68,19-ส.ค.-71,,,
PSI,SUN-8K-SG06LP1-EU-CM3,10 kW,1,220V/230,ไม่เกิน 500 kW,19-ส.ค.-68,19-ส.ค.-71,ดู,,
TCL,SUNLIGHT-20KTH,12 kW,3,220/380,ไม่เกิน 500 kW,19-ส.ค.-68,19-ส.ค.-71,ดู,,
Hoymiles,Sunlight-6000S,4.774 kW,1,220/230/240,ไม่เกิน 500 kW,5-ส.ค.-68,5-ส.ค.-71,ดู,,
Sunways,SUN-M160G4-EU-Q0-l,5 kW,1,220/230,ไม่เกิน 500 kW,5-ส.ค.-68,5-ส.ค.-71,ดู,,
Afore,SUN-M200G4-EU-Q0-l,6 kW,1,220/230,ไม่เกิน 500 kW,5-ส.ค.-68,5-ส.ค.-71,ดู,,
Hoymiles,SUN-M225G4-EU-Q0-l,15 kW,3,"220/230/240, 380/400/420",ทุกขนาด,5-ส.ค.-68,5-ส.ค.-71,ดู,,
Sigenergy,SWDPCS-105K-A,10 kW,3,220/380,ไม่เกิน 500 kW,5-ส.ค.-68,5-ส.ค.-71,ดู,,
Zonergy,T10-G3,10 kW,3,400,ไม่เกิน 500 kW,5-ส.ค.-68,5-ส.ค.-71,ดู,,
TBEA,T15-G3,100 kW,3,"220 / 380, 230 / 400, 240 / 415",ทุกขนาด,5-ส.ค.-68,5-ส.ค.-71,ดู,,
SINENG,T20-G3,121 kW,3,400,ไม่เกิน 500 kW,5-ส.ค.-68,5-ส.ค.-71,ดู,,
TMDA,T30-M,50 kW,3,230/400,ไม่เกิน 500 kW,5-ส.ค.-68,5-ส.ค.-71,ดู,,
Deye,T30-M,80 kW,3,220/380,ทุกขนาด,5-ส.ค.-68,5-ส.ค.-71,ดู,,
TNK,T5-G3,5 kW,1,220/230/240,ไม่เกิน 500 kW,5-ส.ค.-68,5-ส.ค.-71,ดู,,
PSI,TCL-GS5K-G1,10 kW,3,"220/380,230/400",ไม่เกิน 500 kW,5-ส.ค.-68,5-ส.ค.-71,ดู,,
Hoymiles,TCL-GS5K-G1,10 kW,3,"220/230/240,380/400/420",ทุกขนาด,16-ก.ค.-68,16-ก.ค.-71,ดู,,
eCactus,TCL-GT12K-G1,6 kW,1,220 / 230 / 240,ไม่เกิน 500 kW,16-ก.ค.-68,16-ก.ค.-71,ดู,,
Hoymiles,TCL-GT12K-G1,10 kW,3,220/230/240,ไม่เกิน 500 kW,16-ก.ค.-68,16-ก.ค.-71,ดู,,
Hoymiles,TCL-GT12K-G1,10 kW,1,220/230/240,ไม่เกิน 500 kW,16-ก.ค.-68,16-ก.ค.-71,ดู,,
AUXSOL,TCL-GT12K-G1,110 kW,3,220/380,ทุกขนาด,16-ก.ค.-68,16-ก.ค.-71,ดู,,
SAJ,tPower-NM5,100 kW,3,220/380,ไม่เกิน 500 kW,16-ก.ค.-68,16-ก.ค.-71,ดู,,
AUXSOL,tPower-NM5.350K,6 kW,3,"220/380, 230/400",ไม่เกิน 500 kW,16-ก.ค.-68,16-ก.ค.-71,ดู,,
AUXSOL,tPower-NM5-110k-T-F,20 kW,3,"220/380, 230/400",ไม่เกิน 500 kW,16-ก.ค.-68,16-ก.ค.-71,ดู,,
AUXSOL,TriP2-LB-3P 20K,30 kW,3,"220/380, 230/400",ไม่เกิน 500 kW,16-ก.ค.-68,16-ก.ค.-71,ดู,,
Deye,TriP2-LB-3P 20K,3 kW,1,220/230,ไม่เกิน 500 kW,16-ก.ค.-68,16-ก.ค.-71,ดู,,
Deye,TS100KTL-A10,120 kW,3,"220/380, 230/400",ทุกขนาด,16-ก.ค.-68,16-ก.ค.-71,ดู,,
SOFAR SOLAR,TS100KTL-A10,100 kW,3,380/400/415,ทุกขนาด,13-ส.ค.-69,13-ส.ค.-72,ดู,,
CLOU,TS330KTL-HV-C1,215 kW,3,690,ทุกขนาด,13-ส.ค.-69,13-ส.ค.-72,ดู,,
SRNE,TSOL-MS2000,60 kW,3,"230/400, 220/380",ทุกขนาด,13-ส.ค.-69,13-ส.ค.-72,ดู,,
LuckEner,TSOL-MX2250,6 kW,1,L/N/PE 220/230,ไม่เกิน 500 kW,13-ส.ค.-69,13-ส.ค.-72,ดู,,
HUAWEI,TSOL-MX3300D,460 kW,3,1000,ทุกขนาด,13-ส.ค.-69,13-ส.ค.-72,ดู,,
Sigenergy,UHC-50KT-U2,6 kW,1,220/230/240,ไม่เกิน 500 kW,13-ส.ค.-69,13-ส.ค.-72,ดู,,
SOFAR SOLAR,V50,8 kW,1,230,ไม่เกิน 500 kW,13-ส.ค.-69,13-ส.ค.-72,ดู,,
Haier Energy,VENUS 10K-T1,15 kW,3,380/400,ทุกขนาด,13-ส.ค.-69,13-ส.ค.-72,ดู,,
SRNE,VENUS 10K-T1,20 kW,3,230/400,ไม่เกิน 500 kW,13-ส.ค.-69,13-ส.ค.-72,ดู,,
Haier Energy,Venus15K-T1,6 kW,3,380/400,ทุกขนาด,13-ส.ค.-69,13-ส.ค.-72,ดู,,
SOFAR SOLAR,VM2250W-P4,20 kW,3,380/400/415,ไม่เกิน 500 kW,13-ส.ค.-69,13-ส.ค.-72,ดู,,
Sigenergy,WH-BEC-100-A,12 kW,1,220/230/240,ไม่เกิน 500 kW,13-ส.ค.-69,13-ส.ค.-72,ดู,,
LuckEner,WH-BEC-100AC,12 kW,1,L/N/PE 220/230,ไม่เกิน 500 kW,13-ส.ค.-69,13-ส.ค.-72,ดู,,
PSI,WH-SPHA6.0H-10.24kWh,6 kW,1,220/230,ไม่เกิน 500 kW,13-ส.ค.-69,13-ส.ค.-72,ดู,,
Sigenergy,WH-SPHA6.0H-10.24kWh,15 kW,3,"220/380, 230/400, 240/415",ไม่เกิน 500 kW,13-ส.ค.-69,13-ส.ค.-72,ดู,,
Sigenergy,WIT 10K-HU,5 kW,3,"220/380, 230/400, 240/415",ไม่เกิน 500 kW,13-ส.ค.-69,13-ส.ค.-72,ดู,,
Haier,X1-BOOST-5K-G4,30 kW,3,"220/380, 230/400",ทุกขนาด,13-ส.ค.-69,13-ส.ค.-72,ดู,,
SOFAR SOLAR,X1-HYB-6.0-LV,10 kW,3,380/400/415,ไม่เกิน 500 kW,13-ส.ค.-69,13-ส.ค.-72,ดู,,
Sigenergy,X1-IES-5K,10 kW,3,"220/400, 230/400, 240/415",ไม่เกิน 500 kW,13-ส.ค.-69,13-ส.ค.-72,ดู,,
ATMOCE,X1-IES-8K,8 kW,3,"3/N/PE~220/380, 230/400, 240/415",ทุกขนาด,20-ก.ค.-69,20-ก.ค.-72,ดู,,
Felicitysolar,X1-Lite-12.0-LV,20 kW,1,"3L/N/PE, 220/230",ไม่เกิน 500 kW,20-ก.ค.-69,20-ก.ค.-72,ดู,,
LUXPOWER,X1-Micro 1200,20 kW,3,230/400,ไม่เกิน 500 kW,20-ก.ค.-69,20-ก.ค.-72,ดู,,
CLENERGY,X1-Micro 2000,5 kW,1,220/230/240,ไม่เกิน 500 kW,20-ก.ค.-69,20-ก.ค.-72,ดู,,
SOFAR,X1-Micro 2400,8 kW,3,380/400/415,ไม่เกิน 500 kW,20-ก.ค.-69,20-ก.ค.-72,ดู,,
DEC,X1-MINI-1.5K-G4,150 kW,3,"220/380, 230/400",ทุกขนาด,20-ก.ค.-69,20-ก.ค.-72,ดู,,
ATMOCE,X1-SMT-10K-G2,6 kW,1,220/230/240(1/N/PE),ทุกขนาด,20-ก.ค.-69,20-ก.ค.-72,ดู,,
Afore,X3-AELIO-60K,100 kW,3,230/400,ทุกขนาด,20-ก.ค.-69,20-ก.ค.-72,ดู,,
MAXING,X3-FTH-100K,6.2 kW,1,48,ไม่เกิน 500 kW,20-ก.ค.-69,20-ก.ค.-72,ดู,,
Felicitysolar,X3-FTH-120K,10 kW,1,"3L/N/PE, 220/230",ไม่เกิน 500 kW,30-มิ.ย.-69,30-มิ.ย.-72,ดู,,
Sigenergy,X3-FTH-150K-P,166.6 kW,3,380/400/480,ทุกขนาด,30-มิ.ย.-69,30-มิ.ย.-72,ดู,,
Hoymiles,X3-GRD-350K-HV,12 kW,3,"220/380,230/400",ไม่เกิน 500 kW,30-มิ.ย.-69,30-มิ.ย.-72,ดู,,
DEYE,X3-GRD-350K-HV,125 kW,3,"220/380,230/400",ทุกขนาด,30-มิ.ย.-69,30-มิ.ย.-72,ดู,,
Afore,X3-IES-15K,50 kW,3,230/400,ทุกขนาด,30-มิ.ย.-69,30-มิ.ย.-72,ดู,,
Sigenergy,X3-MGA-40K-G2,460 kW,3,1000,ทุกขนาด,30-มิ.ย.-69,30-มิ.ย.-72,ดู,,
Hoymiles,X3-MGA-50K-G2,20 kW,3,380/400,ไม่เกิน 500 kW,30-มิ.ย.-69,30-มิ.ย.-72,ดู,,
BlueRing,X3-MGA-60K-G2,1 kW,1,L/N/PE 220/230/240,ทุกขนาด,30-มิ.ย.-69,30-มิ.ย.-72,ดู,,
Hoymiles,X3-MIC-10K-G2,15 kW,3,3L/N/PE 220/230/240 380/400/420,ทุกขนาด,30-มิ.ย.-69,30-มิ.ย.-72,ดู,,
Hoymiles,X3-MIC-15K-G2,10 kW,3,3L/N/PE 380/400/420 (phase to phase),ทุกขนาด,30-มิ.ย.-69,30-มิ.ย.-72,ดู,,
Hoymiles,X3-MIC-5K-G2,20 kW,3,3L/N/PE 220/230/240380/400/420,ทุกขนาด,30-มิ.ย.-69,30-มิ.ย.-72,ดู,,
KSTAR,X3-NEO-10K-LV,50 kW,3,230/400,ทุกขนาด,30-มิ.ย.-69,30-มิ.ย.-72,ดู,,
Growatt,X3-NEO-15K-LV,630 kW,3,230/400,ทุกขนาด,30-มิ.ย.-69,30-มิ.ย.-72,ดู,,
DEYE,X3-PRO-20K-G2,5 kW,3,"220/380, 230/400",ไม่เกิน 500 kW,30-มิ.ย.-69,30-มิ.ย.-72,ดู,,
Hoymiles,X3-PRO-30K-G2,6 kW,3,220/230/240 380/400/420,ไม่เกิน 500 kW,30-มิ.ย.-69,30-มิ.ย.-72,ดู,,
Sigenergy,X3-TRENE-100K,150 kW,3,380/400/480,ทุกขนาด,30-มิ.ย.-69,30-มิ.ย.-72,ดู,,
Felicitysolar,X3-TRENE-100K,8 kW,1,"L/N/PE, 220/230",ไม่เกิน 500 kW,30-มิ.ย.-69,30-มิ.ย.-72,ดู,,
SOFAR,X3-TRENE-125K,125 kW,3,380-415,ทุกขนาด,12-มิ.ย.-69,12-มิ.ย.-72,ดู,,
SOFAR,X3-ULT-20K,15 kW,3,380-415,ไม่เกิน 500 kW,12-มิ.ย.-69,12-มิ.ย.-72,ดู,,
DEYE,X3-ULT-30K,3 kW,1,220/230,ไม่เกิน 500 kW,12-มิ.ย.-69,12-มิ.ย.-72,ดู,,
RENAC,ZXEPG E260C8,10 kW,3,1000,ไม่เกิน 500 kW,12-มิ.ย.-69,12-มิ.ย.-72,ดู,,
RENAC,ZXEPG E260C8,5 kW,1,600,ไม่เกิน 500 kW,12-มิ.ย.-69,12-มิ.ย.-72,ดู,,
ผลิตภัณฑ์ (Brand),รุ่น (Model),Rated Power,Phase,AC Rated Voltage (V),กำลังการผลิต,วันที่รับรองผล,วันที่หมดอายุ,,,
DEYE,SUN-16K-SG01LP1-EU-AM3-P,16 kW,1,220/2330,ไม่เกิน 500 kW,12-มิ.ย.-69,12-มิ.ย.-72,ดู,,
Haier,HS1P-5K-T(C01),5 kW,1,220/230/240,ทุกขนาด,12-มิ.ย.-69,12-มิ.ย.-72,ดู,,
AOTAI,ASP-110KTLC,110 kW,3,380/400,ทุกขนาด,12-มิ.ย.-69,12-มิ.ย.-72,ดู,,
ATESS,HPS100,100 kW,3,230/400,ทุกขนาด,12-มิ.ย.-69,12-มิ.ย.-72,ดู,,
SOFAR,HYD-15K-LT1,15 kW,3,380-415,ไม่เกิน 500 kW,12-มิ.ย.-69,12-มิ.ย.-72,ดู,,
SKYWORTH,SWH010KL-T1-G2,10 kW,3,400/380,ทุกขนาด,12-มิ.ย.-69,12-มิ.ย.-72,ดู,,
SOFAR SOLAR,SOFAR 5KTLM-G3,5 kW,1,220-230,ไม่เกิน 500 kW,12-มิ.ย.-69,12-มิ.ย.-72,ดู,,
VaySunic,VM2250W-P4,2.25 kW,1,220/230,ทุกขนาด,12-มิ.ย.-69,12-มิ.ย.-72,ดู,,
LIVOLTEK,PCS-125KG1,125 kW,3,"220/380, 230/400",ทุกขนาด,12-มิ.ย.-69,12-มิ.ย.-72,ดู,,
SOFAR,SOFAR 125KTLX-G4-ESS,125 kW,3,380-415,ทุกขนาด,12-มิ.ย.-69,12-มิ.ย.-72,ดู,,
RENAC,NAC5K-DS,5 kW,1,600,ไม่เกิน 500 kW,12-มิ.ย.-69,12-มิ.ย.-72,ดู,,
RENAC,R3-10K-DT,10 kW,3,1000,ไม่เกิน 500 kW,12-มิ.ย.-69,12-มิ.ย.-72,ดู,,
SKYWORTH,SWH6000L-S1-G2,6 kW,1,220/2330,ไม่เกิน 500 kW,12-มิ.ย.-69,12-มิ.ย.-72,ดู,,
Haier,HS1P-10K-T(C01),10 kW,1,220/230/240,ทุกขนาด,12-มิ.ย.-69,12-มิ.ย.-72,ดู,,
DEYE,SUN-30K-SG02HP3-EU-AM3,30 kW,3,"220/380, 230/400",ทุกขนาด,12-มิ.ย.-69,12-มิ.ย.-72,ดู,,
SINOSOAR,SP60HCG2,60 kW,3,"3L/N/PE, 380/220,400/230",ทุกขนาด,28-พ.ค.-69,28-พ.ค.-72,ดู,,
ATESS,PCS 500,500 kW,3,400,ทุกขนาด,28-พ.ค.-69,28-พ.ค.-72,ดู,,
SOFAR,SOFAR 20KTLX2-G3P,20 kW,3,380-400,ทุกขนาด,28-พ.ค.-69,28-พ.ค.-72,ดู,,
DEYE,SUN-8K-SG06LP1-EU-CM3,8 kW,1,220/230,ไม่เกิน 500 kW,28-พ.ค.-69,28-พ.ค.-72,ดู,,
Hoymiles,HiOne-10S-G3,10 kW,1,220/230/240,ไม่เกิน 500 kW,28-พ.ค.-69,28-พ.ค.-72,ดู,,
DEYE,SUN-5K-SG06LP1-EU-CM2,5 kW,1,220/230,ไม่เกิน 500 kW,28-พ.ค.-69,28-พ.ค.-72,ดู,,
DEYE,SUN-6K-SG06LP1-EU-CM2,6 kW,1,220/230,ไม่เกิน 500 kW,28-พ.ค.-69,28-พ.ค.-72,ดู,,
SOFAR,HYD-60K-T1,60 kW,3,380-415,ทุกขนาด,28-พ.ค.-69,28-พ.ค.-72,ดู,,
DEYE,SUN-10K-SG06LP1-EU-CM3,10 kW,1,220/230,ไม่เกิน 500 kW,28-พ.ค.-69,28-พ.ค.-72,ดู,,
SOFAR,HYD-30K-T1-PLUS,30 kW,3,380-415,ทุกขนาด,28-พ.ค.-69,28-พ.ค.-72,ดู,,
Solplanet,ASW360K-HT,350 kW,3,800,ทุกขนาด,28-พ.ค.-69,28-พ.ค.-72,ดู,,
ZTE,ZXEPG E260C8,125 kW,3,"230/400, 220/380",ทุกขนาด,28-พ.ค.-69,28-พ.ค.-72,ดู,,
DEYE,SUN-100K-SG02HP3-EU-GM10,100 kW,3,"220/380, 230/400",ทุกขนาด,28-พ.ค.-69,28-พ.ค.-72,ดู,,
SOFAR,HYD-50K-T1,50 kW,3,380-415,ทุกขนาด,28-พ.ค.-69,28-พ.ค.-72,ดู,,
GOODWE,GW125/261-ESA-LCN-G11,125 kW,3,380/400,ทุกขนาด,19-พ.ค.-69,19-พ.ค.-72,ดู,,
GROWATT,WIT 10K-HU,10 kW,3,230/400,ไม่เกิน 500 kW,19-พ.ค.-69,19-พ.ค.-72,ดู,,
SAJ,H2-6K-LS2-S,6 kW,1,220/230/240,ไม่เกิน 500 kW,19-พ.ค.-69,19-พ.ค.-72,ดู,,
Deye,SUN-10K-SG05LP1-EU,10 kW,1,230,ไม่เกิน 500 kW,19-พ.ค.-69,19-พ.ค.-72,ดู,,
TBEA,TS330KTL-HV-C1,330 kW,3,800,ทุกขนาด,19-พ.ค.-69,19-พ.ค.-72,ดู,,
TCL,BlueArk X1 6K-SP,6 kW,1,220/230/240,ไม่เกิน 500 kW,19-พ.ค.-69,19-พ.ค.-72,ดู,,
Afore,BNT050KTL,50 kW,3,230/400,ทุกขนาด,19-พ.ค.-69,19-พ.ค.-72,ดู,,
Growatt,MOD 10KTL3-X,10 kW,3,230/400,ไม่เกิน 500 kW,19-พ.ค.-69,19-พ.ค.-72,ดู,,
Afore,HNS3000TL,3 kW,1,220/230/240,ไม่เกิน 500 kW,19-พ.ค.-69,19-พ.ค.-72,ดู,,
SUNGROW,SG630MX,630 kW,3,360,ทุกขนาด,19-พ.ค.-69,19-พ.ค.-72,ดู,,
CHINT POWER,SCA15K-T-EU,15 kW,3,380/400,ไม่เกิน 500 kW,19-พ.ค.-69,19-พ.ค.-72,ดู,,
Afore,AF10K-MTH,10 kW,3,230/400,ไม่เกิน 500 kW,19-พ.ค.-69,19-พ.ค.-72,ดู,,
CHINT POWER,SCA10K-T-EU,10 kW,3,380/400,ไม่เกิน 500 kW,19-พ.ค.-69,19-พ.ค.-72,ดู,,
CHINT POWER,SCA20K-T-EU,20 kW,3,380/400,ไม่เกิน 500 kW,19-พ.ค.-69,19-พ.ค.-72,ดู,,
Huawei,SUN2000-215KTL-H0,200 kW,3,800,ทุกขนาด,24-เม.ย.-69,24-เม.ย.-72,ดู,,
SOLAX POWER,X3-MIC-15K-G2,15 kW,3,380,ไม่เกิน 500 kW,24-เม.ย.-69,24-เม.ย.-72,ดู,,
SOLAX POWER,X3-TRENE-125K,125 kW,3,380,ทุกขนาด,24-เม.ย.-69,24-เม.ย.-72,ดู,,
SOLAX POWER,X3-MIC-10K-G2,10 kW,3,380,ไม่เกิน 500 kW,24-เม.ย.-69,24-เม.ย.-72,ดู,,
NEP NORTHERN ELECTRIC,BDM-2000,2 kW,1,230,ไม่เกิน 500 kW,24-เม.ย.-69,24-เม.ย.-72,ดู,,
GOODWE,GW10K-ET-L-G10,10 kW,3,400/380,ทุกขนาด,24-เม.ย.-69,24-เม.ย.-72,ดู,,
ESSCO,AT50-3000,3 kW,1,220 / 230 / 240,ไม่เกิน 500 kW,24-เม.ย.-69,24-เม.ย.-72,ดู,,
Sunways,STH-8KTL-LS,8 kW,1,220/230,ไม่เกิน 500 kW,14-พ.ย.-68,14-พ.ย.-71,ดู,,
solis,S6-GR3P10K02-NV-ND,10 kW,3,"220/380, 230/400",ทุกขนาด,3-พ.ย.-68,3-พ.ย.-71,ดู,,
solis,S6-GC3P40K04-NV-ND,40 kW,3,"220/380, 230/400",ทุกขนาด,3-พ.ย.-68,3-พ.ย.-71,ดู,,
ENJOY,EPCS105-AM,105 kW,3,380,ทุกขนาด,3-พ.ย.-68,3-พ.ย.-71,ดู,,
solis,S6-GC3P60K05-NV-ND,60 kW,3,"220/380, 230/400",ทุกขนาด,3-พ.ย.-68,3-พ.ย.-71,ดู,,
SOFAR SOLAR,HYD 10KTL-3PH,10 kW,3,380/400,ทุกขนาด,3-พ.ย.-68,3-พ.ย.-71,ดู,,
GROWATT,NEO 2500M-X2,2.5 kW,1,220/230,ไม่เกิน 500 kW,3-พ.ย.-68,3-พ.ย.-71,ดู,,
SOFAR SOLAR,HYD 20KTL-3PH,20 kW,3,380/400,ทุกขนาด,3-พ.ย.-68,3-พ.ย.-71,ดู,,
solis,S5-GR3P20K(21A),20 kW,3,"220/380, 230/400",ทุกขนาด,3-พ.ย.-68,3-พ.ย.-71,ดู,,
HYPONTECH,HPS-5000P,5 kW,1,220/230,ไม่เกิน 500 kW,3-พ.ย.-68,3-พ.ย.-71,ดู,,
HYPONTECH,HPT-10000P,10 kW,3,230/400,ไม่เกิน 500 kW,3-พ.ย.-68,3-พ.ย.-71,ดู,,
HYXiPOWER,HYX-H25K-HT,25 kW,3,220/380,ไม่เกิน 500 kW,7-ต.ค.-68,7-ต.ค.-71,ดู,,
AUXSOL,ASG-10TL-ZL,10 kW,3,"220/380,230/400",ไม่เกิน 500 kW,7-ต.ค.-68,7-ต.ค.-71,ดู,,
SMA,STP50-41,50 kW,3,220/380,ทุกขนาด,7-ต.ค.-68,7-ต.ค.-71,ดู,,
AUXSOL,ASG-6SL-ZL,6 kW,1,220/230,ไม่เกิน 500 kW,7-ต.ค.-68,7-ต.ค.-71,ดู,,
HUAWEI,SUN2000-5KTL-L1,5 kW,1,220/230/240,ไม่เกิน 500 kW,7-ต.ค.-68,7-ต.ค.-71,ดู,,
CLEANLINE,CL 30KTL-P3,30 kW,3,380/400/415,ไม่เกิน 500 kW,7-ต.ค.-68,7-ต.ค.-71,ดู,,
Deye,SUN-100K-PCS01HP3,100 kW,3,"220/380,230/400",ทุกขนาด,7-ต.ค.-68,7-ต.ค.-71,ดู,,
AUXSOL,ASG-8SL-ZL,8 kW,1,220/230,ไม่เกิน 500 kW,7-ต.ค.-68,7-ต.ค.-71,ดู,,
DELTA,PCS100HV,100 kW,3,230/400,ทุกขนาด,29-ก.ย.-68,29-ก.ย.-71,ดู,,
CLEANLINE,CL 60KTL-P3,60 kW,3,380/400/415,ไม่เกิน 500 kW,29-ก.ย.-68,29-ก.ย.-71,ดู,,
SOLAX POWER,X1-Micro 1200,1.2 kW,1,220/230/240,ไม่เกิน 500 kW,29-ก.ย.-68,29-ก.ย.-71,ดู,,
HYXiPOWER,HYX-S30K-T,30 kW,3,380/400,ทุกขนาด,29-ก.ย.-68,29-ก.ย.-71,ดู,,
Megarevo,R6KL1DA-G2S,6 kW,1,230,ไม่เกิน 500 kW,29-ก.ย.-68,29-ก.ย.-71,ดู,,
HUAWEI,SUN2000-36KTL,36 kW,3,400,ทุกขนาด,29-ก.ย.-68,29-ก.ย.-71,ดู,,
Sigenergy,SigenMicro 1000,1 kW,1,220/230/240,ไม่เกิน 500 kW,17-ก.ย.-68,17-ก.ย.-71,ดู,,
HUAWEI,SUN2000-3K-LB0,3 kW,1,220,ไม่เกิน 500 kW,17-ก.ย.-68,17-ก.ย.-71,ดู,,
HUAWEI,SUN2000-5K-LB0,5 kW,1,220,ไม่เกิน 500 kW,17-ก.ย.-68,17-ก.ย.-71,ดู,,
KEHUA TECH,SPI320K-B-H X2,320 kW,3,800,ทุกขนาด,17-ก.ย.-68,17-ก.ย.-71,ดู,,
SUNGROW,SG125CX-P2,125 kW,3,230/400,ทุกขนาด,17-ก.ย.-68,17-ก.ย.-71,ดู,,
SUNGROW,SG50CX-P2,50 kW,3,230/400,ทุกขนาด,17-ก.ย.-68,17-ก.ย.-71,ดู,,
HYXiPOWER,HYX-H6K-HT,6 kW,3,220/380,ทุกขนาด,17-ก.ย.-68,17-ก.ย.-71,ดู,,
Hoymiles,HIT-20L-G3,20 kW,3,"220/230/240, 380/400/420",ทุกขนาด,11-ก.ย.-68,11-ก.ย.-71,ดู,,
SUNGROW,MG5RL,5 kW,1,220/230/240,ไม่เกิน 500 kW,11-ก.ย.-68,11-ก.ย.-71,ดู,,
solis,S6-GC3P150K07-NV-ND,150 kW,3,"220 / 380, 230 / 400",ทุกขนาด,11-ก.ย.-68,11-ก.ย.-71,ดู,,
FoxESS,GM215kWh-100kW-2hF,100 kW,3,380,ทุกขนาด,11-ก.ย.-68,11-ก.ย.-71,ดู,,
LANPWR,UHC-50KT-U2,50 kW,3,380/400,ไม่เกิน 500 kW,11-ก.ย.-68,11-ก.ย.-71,ดู,,
SAJ,HS3-12K-T2-W-P,12 kW,3,"220/380, 230/400",ไม่เกิน 500 kW,11-ก.ย.-68,11-ก.ย.-71,ดู,,
LANPWR,LANPWR 20000T,20 kW,3,"230/400 , 220/380",ไม่เกิน 500 kW,11-ก.ย.-68,11-ก.ย.-71,ดู,,
SUNGROW,SH10T,10 kW,3,220/230/240,ไม่เกิน 500 kW,11-ก.ย.-68,11-ก.ย.-71,ดู,,
SOLAX POWER,X1-Lite-12.0-LV,12 kW,1,230,ไม่เกิน 500 kW,11-ก.ย.-68,11-ก.ย.-71,ดู,,
SUNGROW,SH25T,25 kW,3,220/230/240,ไม่เกิน 500 kW,11-ก.ย.-68,11-ก.ย.-71,ดู,,
SOLAX POWER,X1-Micro 2000,2 kW,1,220/230/240,ไม่เกิน 500 kW,11-ก.ย.-68,11-ก.ย.-71,ดู,,
GOODWE,GW5K-DNS-G40,5 kW,1,220/230,ไม่เกิน 500 kW,11-ก.ย.-68,11-ก.ย.-71,ดู,,
SOLAX POWER,X1-Micro 2400,2.4 kW,1,220/230/240,ไม่เกิน 500 kW,11-ก.ย.-68,11-ก.ย.-71,ดู,,
GOODWE,GW6000-ES-C10,6 kW,1,220/230/240,ไม่เกิน 500 kW,11-ก.ย.-68,11-ก.ย.-71,ดู,,
SAJ,R6-10K-T2,10 kW,3,220/380,ไม่เกิน 500 kW,11-ก.ย.-68,11-ก.ย.-71,ดู,,
SRNE,HESP48120SH3,12 kW,3,230/400,ไม่เกิน 500 kW,11-ก.ย.-68,11-ก.ย.-71,ดู,,
SAJ,R6-5K-T2,5 kW,3,220/380,ไม่เกิน 500 kW,11-ก.ย.-68,11-ก.ย.-71,ดู,,
HYXiPOWER,HYX-S125K-T2,125 kW,3,"220/230 , 380/400",ทุกขนาด,2-ก.ย.-68,2-ก.ย.-71,,,
TMDA,SUN-3K-G,3 kW,1,230,ไม่เกิน 500 kW,25-เม.ย.-68,25-เม.ย.-71,ดู,,
SINENG,SP-350K-H1,320 kW,3,800,ทุกขนาด,25-เม.ย.-68,25-เม.ย.-71,ดู,,
KEHUA TECH,SPI50K-B X2,50 kW,3,400,ไม่เกิน 500 kW,25-เม.ย.-68,25-เม.ย.-71,ดู,,
CanadianSolar,CSI-60K-T4001A-E,60 kW,3,220 / 380,ทุกขนาด,25-เม.ย.-68,25-เม.ย.-71,ดู,,
CanadianSolar,CSI-120K-T4001A-E,120 kW,3,220/380,ทุกขนาด,25-เม.ย.-68,25-เม.ย.-71,ดู,,
In-Power,INPPCS-100/0.4-W-24-C1-OS,100 kW,3,380/220,ทุกขนาด,25-เม.ย.-68,25-เม.ย.-71,ดู,,
Sigenergy,SigenStor EC 25.0 TP,25 kW,3,380 / 400,ทุกขนาด,25-เม.ย.-68,25-เม.ย.-71,ดู,,
APsystems,DS3D-H,2 kW,1,220/230,ทุกขนาด,25-เม.ย.-68,25-เม.ย.-71,ดู,,
solis,S5-GR3P5K,5 kW,3,"220/380, 230/400",ไม่เกิน 500 kW,25-เม.ย.-68,25-เม.ย.-71,ดู,,
solis,S5-GR3P10K,10 kW,3,"220/380, 230/400",ไม่เกิน 500 kW,25-เม.ย.-68,25-เม.ย.-71,ดู,,
TMDA,SUN-6K-G03,6 kW,3,400,ไม่เกิน 500 kW,25-เม.ย.-68,25-เม.ย.-71,ดู,,
Auris,MS-7K-U (Single Phase),4.5 kW,1,220,ไม่เกิน 500 kW,4-เม.ย.-68,4-เม.ย.-71,ดู,,
LESSO,LSBH20KTL3-OC1,20 kW,3,380,ไม่เกิน 500 kW,4-เม.ย.-68,4-เม.ย.-71,ดู,,
Auris,MI-625 (with external protection relay model: MR100-T),0.625 kW,3,220,ไม่เกิน 500 kW,4-เม.ย.-68,4-เม.ย.-71,ดู,,
Deye,SUN-10K-G02P1-EU-AM2,10 kW,1,220,ไม่เกิน 500 kW,4-เม.ย.-68,4-เม.ย.-71,ดู,,
Auris,MI-625 (with external protection relay model: MC100L),0.625 kW,1,220,ไม่เกิน 500 kW,4-เม.ย.-68,4-เม.ย.-71,ดู,,
ENERGY LIB,LIB125MI,2.5 kW,1,220/230/240,ไม่เกิน 500 kW,4-เม.ย.-68,4-เม.ย.-71,ดู,,
LANGFANG IN-POWER ELECTRIC,INPPCS-100/0.4-W-C1-OS,100 kW,3,400,ทุกขนาด,4-เม.ย.-68,4-เม.ย.-71,ดู,,
GROWATT,SPH10000TL3BH-UP,10 kW,3,380,ไม่เกิน 500 kW,4-เม.ย.-68,4-เม.ย.-71,ดู,,
Deye,RW-F5.3-1H3,5 kW,1,220,ไม่เกิน 500 kW,4-เม.ย.-68,4-เม.ย.-71,ดู,,
Deye,SUN-3.6K-SG04LP1-EU-SM2,3.6 kW,1,220,ไม่เกิน 500 kW,4-เม.ย.-68,4-เม.ย.-71,ดู,,
SAJ,R6-50K-T4-32,50 kW,3,220/230/380/400,ไม่เกิน 500 kW,4-เม.ย.-68,4-เม.ย.-71,ดู,,
TMDA,SUN-15K-G03,15 kW,3,400,ไม่เกิน 500 kW,4-เม.ย.-68,4-เม.ย.-71,ดู,,
Auris,MS-7K-U-(Three-Phase),4.5 kW,3,220/380,ไม่เกิน 500 kW,4-เม.ย.-68,4-เม.ย.-71,ดู,,
SUNGROW,SG50CX,50 kW,3,220/380,ไม่เกิน 500 kW,31-มี.ค.-68,31-มี.ค.-71,ดู,,
SUNGROW,SH5.0RS-20,5 kW,1,220/230/240,ไม่เกิน 500 kW,31-มี.ค.-68,31-มี.ค.-71,ดู,,
SAJ,M2-2.25K-S4,2.25 kW,1,220/230,ไม่เกิน 500 kW,31-มี.ค.-68,31-มี.ค.-71,ดู,,
SOLAX POWER,X3-FTH-120K,120 kW,3,220/380,ทุกขนาด,31-มี.ค.-68,31-มี.ค.-71,ดู,,
SOLAX POWER,X3-FTH-100K,100 kW,3,380/400,ทุกขนาด,31-มี.ค.-68,31-มี.ค.-71,ดู,,
DELTA,M100A_280,100 kW,3,380/400/440/480,ทุกขนาด,31-มี.ค.-68,31-มี.ค.-71,ดู,,
GROWATT,MAX60KTL3LV,60 kW,3,230/400,ทุกขนาด,31-มี.ค.-68,31-มี.ค.-71,ดู,,
FoxESS,R125-G2,125 kW,3,400,ทุกขนาด,31-มี.ค.-68,31-มี.ค.-71,ดู,,
GROWATT,MAX80KTL3LV,80 kW,3,230/400,ทุกขนาด,31-มี.ค.-68,31-มี.ค.-71,ดู,,
Deye,SUN-6K-SG04LP1-EU-SM2,6 kW,1,220,ไม่เกิน 500 kW,7-มี.ค.-68,7-มี.ค.-71,ดู,,
SUNGROW,SG500MX,500 kW,3,315,ทุกขนาด,7-มี.ค.-68,7-มี.ค.-71,ดู,,
Deye,SUN-5K-SG04LP1-EU-SM2,5 kW,1,220,ไม่เกิน 500 kW,7-มี.ค.-68,7-มี.ค.-71,ดู,,
AUXSOL,ASN-10TL-G2,10 kW,3,400,ไม่เกิน 500 kW,7-มี.ค.-68,7-มี.ค.-71,ดู,,
Sigenergy,Sigen PV 110M1,110 kW,3,380/400,ทุกขนาด,7-มี.ค.-68,7-มี.ค.-71,ดู,,
Star Charge,SI105TENT07,100 kW,3,220/380,ทุกขนาด,7-มี.ค.-68,7-มี.ค.-71,ดู,,
SUNGROW,SG36CX-P2,36 kW,3,220/380,ทุกขนาด,7-มี.ค.-68,7-มี.ค.-71,ดู,,
GROWATT,MOD 5000TL3-X2 (Pro),5 kW,3,230/400,ไม่เกิน 500 kW,7-มี.ค.-68,7-มี.ค.-71,ดู,,
ATMOCE,MI-500,0.5 kW,1,220/230,ไม่เกิน 500 kW,7-มี.ค.-68,7-มี.ค.-71,ดู,,
Hoymiles,MIT-5000-8T,5 kW,3,220/380,ทุกขนาด,7-มี.ค.-68,7-มี.ค.-71,ดู,,
SolarEdge,SE90K,90 kW,3,220/380,ทุกขนาด,7-มี.ค.-68,7-มี.ค.-71,ดู,,
SolarEdge,SE120K,120 kW,3,480,ทุกขนาด,7-มี.ค.-68,7-มี.ค.-71,ดู,,
Deye,SUN-10K-SG04LP3-EU,10 kW,3,220/380,ไม่เกิน 500 kW,20-ก.พ.-68,20-ก.พ.-71,ดู,,
TSUN,TSOL-MS2000,2 kW,1,220/230/240,ไม่เกิน 500 kW,20-ก.พ.-68,20-ก.พ.-71,ดู,,
HYXiPOWER,HYX-M2000-S,2 kW,1,220/230,ทุกขนาด,20-ก.พ.-68,20-ก.พ.-71,ดู,,
ENERGY LIB,LIB108RH,8 kW,1,220,ไม่เกิน 500 kW,20-ก.พ.-68,20-ก.พ.-71,ดู,,
HUAWEI,SUN2000-15KTL-M2,15 kW,3,220/380,ไม่เกิน 500 kW,20-ก.พ.-68,20-ก.พ.-71,,,
